{
  "format_version": "1.12",
  "minecraft:recipe_shaped": {
    "description": {
      "identifier": "anthalerite_shovel_0aec4f99"
    },
    "tags": [
      "crafting_table"
    ],
    "pattern": [
      "A",
      "B",
      "B"
    ],
    "key": {
      "A": {
        "item": "end_ores:anthalerite",
        "data": 0
      },
      "B": {
        "item": "minecraft:stick",
        "data": 0
      }
    },
    "result": {
      "item": "end_ores:anthalerite_shovel",
      "count": 1
    }
  }
}