{
  "format_version": "1.12",
  "minecraft:recipe_shaped": {
    "description": {
      "identifier": "yablolium_pickaxe_770e3e81"
    },
    "tags": [
      "crafting_table"
    ],
    "pattern": [
      "AAA",
      " B ",
      " B "
    ],
    "key": {
      "A": {
        "item": "end_ores:yablolium",
        "data": 0
      },
      "B": {
        "item": "minecraft:stick",
        "data": 0
      }
    },
    "result": {
      "item": "end_ores:yablolium_pickaxe",
      "count": 1
    }
  }
}