{
  "format_version": "1.13.0",
  "minecraft:ore_feature": {
    "description": {
      "identifier": "bearite_ore_feature"
    },
    "count": 3,
    "replace_rules": [
      {
        "places_block": {
          "name": "emore:bearite_ore",
          "states": {}
        },
        "may_replace": [
          {
            "name": "minecraft:stone",
            "states": {}
          }
        ]
      },
      {
        "places_block": {
          "name": "emore:bearite_ore",
          "states": {}
        },
        "may_replace": [
          {
            "name": "minecraft:granite",
            "states": {}
          }
        ]
      },
      {
        "places_block": {
          "name": "emore:bearite_ore",
          "states": {}
        },
        "may_replace": [
          {
            "name": "minecraft:andesite",
            "states": {}
          }
        ]
      }
    ]
  }
}