{
	"file_path": "C:\\Users\\Pinchas\\AppData\\Local\\Packages\\Microsoft.MinecraftUWP_8wekyb3d8bbwe\\LocalState\\games\\com.mojang\\development_behavior_packs\\Ultimate Ore Addon\\features\\ultimate_ore_feature.json",
	"file_type": "feature",
	"format_version": 1,
	"file_uuid": "49f23167_c4e9_4a17_b187_cd4a378c8fee",
	"file_version": 2,
	"cache_content": {
		"children": [
			{
				"data": "1.16.100",
				"key": "format_version"
			},
			{
				"open": {
					"format_version": "1.16.100",
					"minecraft:ore_feature": {
						"description": {
							"identifier": "cba:ultimate_ore_feature"
						},
						"count": 8,
						"replace_rules": [
							{
								"may_replace": [
									{
										"name": "minecraft:stone",
										"states": {}
									}
								],
								"places_block": "cba:ultimate_ore"
							}
						]
					}
				},
				"key": "minecraft:ore_feature",
				"children": [
					{
						"open": {
							"description": {
								"identifier": "cba:ultimate_ore_feature"
							},
							"count": 8,
							"replace_rules": [
								{
									"may_replace": [
										{
											"name": "minecraft:stone",
											"states": {}
										}
									],
									"places_block": "cba:ultimate_ore"
								}
							]
						},
						"key": "description",
						"is_minified": true,
						"children": {
							"identifier": "cba:ultimate_ore_feature"
						}
					},
					{
						"open": {
							"description": {
								"identifier": "cba:ultimate_ore_feature"
							},
							"count": 8,
							"replace_rules": [
								{
									"may_replace": [
										{
											"name": "minecraft:stone",
											"states": {}
										}
									],
									"places_block": "cba:ultimate_ore"
								}
							]
						},
						"data": "8",
						"key": "count"
					},
					{
						"open": {
							"description": {
								"identifier": "cba:ultimate_ore_feature"
							},
							"count": 8,
							"replace_rules": [
								{
									"may_replace": [
										{
											"name": "minecraft:stone",
											"states": {}
										}
									],
									"places_block": "cba:ultimate_ore"
								}
							]
						},
						"key": "replace_rules",
						"children": [
							{
								"open": [
									{
										"may_replace": [
											{
												"name": "minecraft:stone",
												"states": {}
											}
										],
										"places_block": "cba:ultimate_ore"
									}
								],
								"is_minified": true,
								"children": {
									"may_replace": [
										{
											"name": "minecraft:stone",
											"states": {}
										}
									],
									"places_block": "cba:ultimate_ore"
								}
							}
						]
					}
				]
			}
		]
	}
}