{
	"file_path": "C:\\Users\\Pinchas\\AppData\\Local\\Packages\\Microsoft.MinecraftUWP_8wekyb3d8bbwe\\LocalState\\games\\com.mojang\\development_behavior_packs\\Ultimate Ore Addon\\blocks\\deepslate_ultimate_ore.json",
	"file_type": "block",
	"format_version": 1,
	"file_uuid": "8e3aaca6_41d6_44e7_a4dc_29aa1d337b1c",
	"file_version": 11,
	"cache_content": {
		"children": [
			{
				"data": "1.16.100",
				"key": "format_version"
			},
			{
				"open": {
					"format_version": "1.16.100",
					"minecraft:block": {
						"description": {
							"identifier": "cba:deepslate_ultimate_ore"
						},
						"components": {
							"minecraft:destroy_time": 1.1,
							"minecraft:on_player_destroyed": {
								"condition": "query.get_equipped_item_name == 'diamond_pickaxe' || query.get_equipped_item_name == 'netherite_pickaxe' || query.get_equipped_item_name == 'iron_pickaxe'",
								"event": "drop"
							},
							"minecraft:explosion_resistance": 6,
							"minecraft:loot": "empty"
						},
						"events": {
							"drop": {
								"run_command": {
									"command": [
										"summon xp_orb ~~~"
									],
									"target": "self"
								},
								"spawn_loot": {
									"table": "loot_tables/ultimate_ore.json"
								}
							}
						}
					}
				},
				"key": "minecraft:block",
				"children": [
					{
						"open": {
							"description": {
								"identifier": "cba:deepslate_ultimate_ore"
							},
							"components": {
								"minecraft:destroy_time": 1.1,
								"minecraft:on_player_destroyed": {
									"condition": "query.get_equipped_item_name == 'diamond_pickaxe' || query.get_equipped_item_name == 'netherite_pickaxe' || query.get_equipped_item_name == 'iron_pickaxe'",
									"event": "drop"
								},
								"minecraft:explosion_resistance": 6,
								"minecraft:loot": "empty"
							},
							"events": {
								"drop": {
									"run_command": {
										"command": [
											"summon xp_orb ~~~"
										],
										"target": "self"
									},
									"spawn_loot": {
										"table": "loot_tables/ultimate_ore.json"
									}
								}
							}
						},
						"key": "description",
						"is_minified": true,
						"children": {
							"identifier": "cba:deepslate_ultimate_ore"
						}
					},
					{
						"open": {
							"description": {
								"identifier": "cba:deepslate_ultimate_ore"
							},
							"components": {
								"minecraft:destroy_time": 1.1,
								"minecraft:on_player_destroyed": {
									"condition": "query.get_equipped_item_name == 'diamond_pickaxe' || query.get_equipped_item_name == 'netherite_pickaxe' || query.get_equipped_item_name == 'iron_pickaxe'",
									"event": "drop"
								},
								"minecraft:explosion_resistance": 6,
								"minecraft:loot": "empty"
							},
							"events": {
								"drop": {
									"run_command": {
										"command": [
											"summon xp_orb ~~~"
										],
										"target": "self"
									},
									"spawn_loot": {
										"table": "loot_tables/ultimate_ore.json"
									}
								}
							}
						},
						"key": "components",
						"is_minified": true,
						"children": {
							"minecraft:destroy_time": 1.1,
							"minecraft:on_player_destroyed": {
								"condition": "query.get_equipped_item_name == 'diamond_pickaxe' || query.get_equipped_item_name == 'netherite_pickaxe' || query.get_equipped_item_name == 'iron_pickaxe'",
								"event": "drop"
							},
							"minecraft:explosion_resistance": 6,
							"minecraft:loot": "empty"
						}
					},
					{
						"open": {
							"description": {
								"identifier": "cba:deepslate_ultimate_ore"
							},
							"components": {
								"minecraft:destroy_time": 1.1,
								"minecraft:on_player_destroyed": {
									"condition": "query.get_equipped_item_name == 'diamond_pickaxe' || query.get_equipped_item_name == 'netherite_pickaxe' || query.get_equipped_item_name == 'iron_pickaxe'",
									"event": "drop"
								},
								"minecraft:explosion_resistance": 6,
								"minecraft:loot": "empty"
							},
							"events": {
								"drop": {
									"run_command": {
										"command": [
											"summon xp_orb ~~~"
										],
										"target": "self"
									},
									"spawn_loot": {
										"table": "loot_tables/ultimate_ore.json"
									}
								}
							}
						},
						"key": "events",
						"children": [
							{
								"open": {
									"drop": {
										"run_command": {
											"command": [
												"summon xp_orb ~~~"
											],
											"target": "self"
										},
										"spawn_loot": {
											"table": "loot_tables/ultimate_ore.json"
										}
									}
								},
								"key": "drop",
								"children": [
									{
										"key": "run_command",
										"is_minified": true,
										"children": {
											"command": [
												"summon xp_orb ~~~"
											],
											"target": "self"
										}
									},
									{
										"open": {
											"run_command": {
												"command": [
													"summon xp_orb ~~~"
												],
												"target": "self"
											},
											"spawn_loot": {
												"table": "loot_tables/ultimate_ore.json"
											}
										},
										"key": "spawn_loot",
										"is_minified": true,
										"children": {
											"table": "loot_tables/ultimate_ore.json"
										}
									}
								]
							}
						]
					}
				]
			}
		]
	}
}