{
	"file_path": "C:\\Users\\Pinchas\\AppData\\Local\\Packages\\Microsoft.MinecraftUWP_8wekyb3d8bbwe\\LocalState\\games\\com.mojang\\development_behavior_packs\\Ultimate Ore Addon\\blocks\\ultimate_ore.json",
	"file_type": "block",
	"format_version": 1,
	"file_uuid": "12048ead_8ef6_4292_9c5c_98b0364fff1f",
	"file_version": 8,
	"cache_content": {
		"children": [
			{
				"data": "1.16.100",
				"key": "format_version"
			},
			{
				"open": {
					"format_version": "1.16.100",
					"minecraft:block": {
						"description": {
							"identifier": "cba:ultimate_ore"
						},
						"components": {
							"minecraft:destroy_time": 0.8,
							"minecraft:on_player_destroyed": {
								"condition": "query.get_equipped_item_name == 'diamond_pickaxe' || query.get_equipped_item_name == 'netherite_pickaxe' || query.get_equipped_item_name == 'iron_pickaxe'",
								"event": "drop"
							},
							"minecraft:explosion_resistance": 6,
							"minecraft:loot": "empty"
						},
						"events": {
							"drop": {
								"run_command": {
									"command": [
										"summon xp_orb ~~~"
									],
									"target": "self"
								},
								"spawn_loot": {
									"table": "loot_tables/ultimate_ore.json"
								}
							}
						}
					}
				},
				"key": "minecraft:block",
				"children": [
					{
						"key": "description",
						"is_minified": true,
						"children": {
							"identifier": "cba:ultimate_ore"
						}
					},
					{
						"open": {
							"description": {
								"identifier": "cba:ultimate_ore"
							},
							"components": {
								"minecraft:destroy_time": 0.8,
								"minecraft:on_player_destroyed": {
									"condition": "query.get_equipped_item_name == 'diamond_pickaxe' || query.get_equipped_item_name == 'netherite_pickaxe' || query.get_equipped_item_name == 'iron_pickaxe'",
									"event": "drop"
								},
								"minecraft:explosion_resistance": 6,
								"minecraft:loot": "empty"
							},
							"events": {
								"drop": {
									"run_command": {
										"command": [
											"summon xp_orb ~~~"
										],
										"target": "self"
									},
									"spawn_loot": {
										"table": "loot_tables/ultimate_ore.json"
									}
								}
							}
						},
						"key": "components",
						"children": [
							{
								"open": {
									"minecraft:destroy_time": 0.8,
									"minecraft:on_player_destroyed": {
										"condition": "query.get_equipped_item_name == 'diamond_pickaxe' || query.get_equipped_item_name == 'netherite_pickaxe' || query.get_equipped_item_name == 'iron_pickaxe'",
										"event": "drop"
									},
									"minecraft:explosion_resistance": 6,
									"minecraft:loot": "empty"
								},
								"data": "0.8",
								"key": "minecraft:destroy_time"
							},
							{
								"open": {
									"minecraft:destroy_time": 0.8,
									"minecraft:on_player_destroyed": {
										"condition": "query.get_equipped_item_name == 'diamond_pickaxe' || query.get_equipped_item_name == 'netherite_pickaxe' || query.get_equipped_item_name == 'iron_pickaxe'",
										"event": "drop"
									},
									"minecraft:explosion_resistance": 6,
									"minecraft:loot": "empty"
								},
								"key": "minecraft:on_player_destroyed",
								"is_minified": true,
								"children": {
									"condition": "query.get_equipped_item_name == 'diamond_pickaxe' || query.get_equipped_item_name == 'netherite_pickaxe' || query.get_equipped_item_name == 'iron_pickaxe'",
									"event": "drop"
								}
							},
							{
								"data": "6",
								"key": "minecraft:explosion_resistance"
							},
							{
								"data": "empty",
								"key": "minecraft:loot"
							}
						]
					},
					{
						"open": {
							"description": {
								"identifier": "cba:ultimate_ore"
							},
							"components": {
								"minecraft:destroy_time": 0.8,
								"minecraft:on_player_destroyed": {
									"condition": "query.get_equipped_item_name == 'diamond_pickaxe' || query.get_equipped_item_name == 'netherite_pickaxe' || query.get_equipped_item_name == 'iron_pickaxe'",
									"event": "drop"
								},
								"minecraft:explosion_resistance": 6,
								"minecraft:loot": "empty"
							},
							"events": {
								"drop": {
									"run_command": {
										"command": [
											"summon xp_orb ~~~"
										],
										"target": "self"
									},
									"spawn_loot": {
										"table": "loot_tables/ultimate_ore.json"
									}
								}
							}
						},
						"key": "events",
						"children": [
							{
								"open": {
									"drop": {
										"run_command": {
											"command": [
												"summon xp_orb ~~~"
											],
											"target": "self"
										},
										"spawn_loot": {
											"table": "loot_tables/ultimate_ore.json"
										}
									}
								},
								"key": "drop",
								"children": [
									{
										"open": {
											"run_command": {
												"command": [
													"summon xp_orb ~~~"
												],
												"target": "self"
											},
											"spawn_loot": {
												"table": "loot_tables/ultimate_ore.json"
											}
										},
										"key": "run_command",
										"children": [
											{
												"open": {
													"command": [
														"summon xp_orb ~~~"
													],
													"target": "self"
												},
												"key": "command",
												"is_minified": true,
												"children": [
													"summon xp_orb ~~~"
												]
											},
											{
												"data": "self",
												"key": "target"
											}
										]
									},
									{
										"open": {
											"run_command": {
												"command": [
													"summon xp_orb ~~~"
												],
												"target": "self"
											},
											"spawn_loot": {
												"table": "loot_tables/ultimate_ore.json"
											}
										},
										"key": "spawn_loot",
										"is_minified": true,
										"children": {
											"table": "loot_tables/ultimate_ore.json"
										}
									}
								]
							}
						]
					}
				]
			}
		]
	}
}