{
   "format_version":"1.16.0",
   "minecraft:entity":{
      "description":{
         "identifier":"emore:explosive",
         "is_spawnable":false,
         "is_summonable":true,
         "is_experimental":false,
         "runtime_identifier":"minecraft:ender_crystal"
      },
      "components":{
         "minecraft:explode":{
            "fuse_length":0.0,
            "fuse_lit":true,
            "power":1,
            "breaks_blocks":false
         },
         "minecraft:collision_box":{
            "width":0.1,
            "height":0.1
         }
      }
   }
}