{
  "resource_pack_name": "vanilla",
  "texture_name": "atlas.items",
  "texture_data": {
    "egg_camel": {
      "textures": "textures/items/egg_camel"
    },
    "egg_lion": {
      "textures": "textures/items/egg_lion"
    },
    "egg_penguin": {
      "textures": "textures/items/egg_penguin"
    },
    "egg_tiger": {
      "textures": "textures/items/egg_tiger"
    },
    "egg_elephant": {
      "textures": "textures/items/egg_elephant"
    },
    "egg_deer": {
      "textures": "textures/items/egg_deer"
    },
    "egg_panther": {
      "textures": "textures/items/egg_panther"
    },
    "egg_frog": {
      "textures": "textures/items/egg_frog"
    },
    "egg_crocodile": {
      "textures": "textures/items/egg_crocodile"
    },
    "egg_mouse": {
      "textures": "textures/items/egg_mouse"
    },
    "gallardo": {
      "textures": "textures/items/gallardo"
    },
    "bench": {
      "textures": "textures/items/bench"
    },
    "christmas_tree": {
      "textures": "textures/items/christmas_tree"
    },
    "tivi": {
      "textures": "textures/items/tivi"
    },
    "closet": {
      "textures": "textures/items/closet"
    },
    "laptop": {
      "textures": "textures/items/laptop"
    },
    "piano": {
      "textures": "textures/items/piano"
    },
    "armchairs": {
      "textures": "textures/items/armchairs"
    },
    "chair": {
      "textures": "textures/items/chair"
    },
    "big_table": {
      "textures": "textures/items/big_table"
    },
    "small_table": {
      "textures": "textures/items/small_table"
    },
    "drone": {
      "textures": "textures/items/drone"
    },
    "colorful_gifts": {
      "textures": "textures/items/colorful_gifts"
    },
    "end_ores_enderine_chestplate": {
      "textures": [
        "textures/items/pamobile/end_ores_enderine_chestplate"
      ]
    },
    "end_ores_enderine_helmet": {
      "textures": [
        "textures/items/pamobile/end_ores_enderine_helmet"
      ]
    },
    "end_ores_enderine_pants": {
      "textures": [
        "textures/items/pamobile/end_ores_enderine_pants"
      ]
    },
    "end_ores_enderine_boots": {
      "textures": [
        "textures/items/pamobile/end_ores_enderine_boots"
      ]
    },
    "end_ores_yotrite_chestplate": {
      "textures": [
        "textures/items/pamobile/end_ores_yotrite_chestplate"
      ]
    },
    "end_ores_yotrite_helmet": {
      "textures": [
        "textures/items/pamobile/end_ores_yotrite_helmet"
      ]
    },
    "end_ores_votrite_pants": {
      "textures": [
        "textures/items/pamobile/end_ores_votrite_pants"
      ]
    },
    "end_ores_votrite_boots": {
      "textures": [
        "textures/items/pamobile/end_ores_votrite_boots"
      ]
    },
    "end_ores_lekryx_chestplate": {
      "textures": [
        "textures/items/pamobile/end_ores_lekryx_chestplate"
      ]
    },
    "end_ores_lekryx_helmet": {
      "textures": [
        "textures/items/pamobile/end_ores_lekryx_helmet"
      ]
    },
    "end_ores_lekryx_pants": {
      "textures": [
        "textures/items/pamobile/end_ores_lekryx_pants"
      ]
    },
    "end_ores_lekryx_boots": {
      "textures": [
        "textures/items/pamobile/end_ores_lekryx_boots"
      ]
    },
    "end_ores_vutrerhil_chestplate": {
      "textures": [
        "textures/items/pamobile/end_ores_vutrerhil_chestplate"
      ]
    },
    "end_ores_vutrerhil_helmet": {
      "textures": [
        "textures/items/pamobile/end_ores_vutrerhil_helmet"
      ]
    },
    "end_ores_vutrerhil_pants": {
      "textures": [
        "textures/items/pamobile/end_ores_vutrerhil_pants"
      ]
    },
    "end_ores_vutrerhil_boots": {
      "textures": [
        "textures/items/pamobile/end_ores_vutrerhil_boots"
      ]
    },
    "end_ores_yeglyx_helmet": {
      "textures": [
        "textures/items/pamobile/end_ores_yeglyx_helmet"
      ]
    },
    "end_ores_yeglyx_pants": {
      "textures": [
        "textures/items/pamobile/end_ores_yeglyx_pants"
      ]
    },
    "end_ores_yeglyx_boots": {
      "textures": [
        "textures/items/pamobile/end_ores_yeglyx_boots"
      ]
    },
    "end_ores_yeglyx_chestplate": {
      "textures": [
        "textures/items/pamobile/end_ores_yeglyx_chestplate"
      ]
    },
    "end_ores_cliydian_chestplate": {
      "textures": [
        "textures/items/pamobile/end_ores_cliydian_chestplate"
      ]
    },
    "end_ores_cliydian_helmet": {
      "textures": [
        "textures/items/pamobile/end_ores_cliydian_helmet"
      ]
    },
    "end_ores_cliydian_pants": {
      "textures": [
        "textures/items/pamobile/end_ores_cliydian_pants"
      ]
    },
    "end_ores_cliydian_boots": {
      "textures": [
        "textures/items/pamobile/end_ores_cliydian_boots"
      ]
    },
    "end_ores_qukroenyx_chestplate": {
      "textures": [
        "textures/items/pamobile/end_ores_qukroenyx_chestplate"
      ]
    },
    "end_ores_qukroenyx_helmet": {
      "textures": [
        "textures/items/pamobile/end_ores_qukroenyx_helmet"
      ]
    },
    "end_ores_qukroenyx_pants": {
      "textures": [
        "textures/items/pamobile/end_ores_qukroenyx_pants"
      ]
    },
    "end_ores_qukroenyx_boots": {
      "textures": [
        "textures/items/pamobile/end_ores_qukroenyx_boots"
      ]
    },
    "end_ores_qoprothil_chestplate": {
      "textures": [
        "textures/items/pamobile/end_ores_qoprothil_chestplate"
      ]
    },
    "end_ores_qoprothil_helmet": {
      "textures": [
        "textures/items/pamobile/end_ores_qoprothil_helmet"
      ]
    },
    "end_ores_qoprothil_pants": {
      "textures": [
        "textures/items/pamobile/end_ores_qoprothil_pants"
      ]
    },
    "end_ores_qoprothil_boots": {
      "textures": [
        "textures/items/pamobile/end_ores_qoprothil_boots"
      ]
    },
    "end_ores_qufrianium_chestplate": {
      "textures": [
        "textures/items/pamobile/end_ores_qufrianium_chestplate"
      ]
    },
    "end_ores_qufrianium_helmet": {
      "textures": [
        "textures/items/pamobile/end_ores_qufrianium_helmet"
      ]
    },
    "end_ores_qufrianium_pants": {
      "textures": [
        "textures/items/pamobile/end_ores_qufrianium_pants"
      ]
    },
    "end_ores_qufrianium_boots": {
      "textures": [
        "textures/items/pamobile/end_ores_qufrianium_boots"
      ]
    },
    "end_ores_adriythil_chestplate": {
      "textures": [
        "textures/items/pamobile/end_ores_adriythil_chestplate"
      ]
    },
    "end_ores_adriythil_helmet": {
      "textures": [
        "textures/items/pamobile/end_ores_adriythil_helmet"
      ]
    },
    "end_ores_adriythil_pants": {
      "textures": [
        "textures/items/pamobile/end_ores_adriythil_pants"
      ]
    },
    "end_ores_adriythil_boots": {
      "textures": [
        "textures/items/pamobile/end_ores_adriythil_boots"
      ]
    },
    "end_ores_yablolium_helmet": {
      "textures": [
        "textures/items/pamobile/end_ores_yablolium_helmet"
      ]
    },
    "end_ores_yablolium_chestplate": {
      "textures": [
        "textures/items/pamobile/end_ores_yablolium_chestplate"
      ]
    },
    "end_ores_yablolium_pants": {
      "textures": [
        "textures/items/pamobile/end_ores_yablolium_pants"
      ]
    },
    "end_ores_yablolium_boots": {
      "textures": [
        "textures/items/pamobile/end_ores_yablolium_boots"
      ]
    },
    "end_ores:lekryx": {
      "textures": "textures/items/pamobile/end_ores_lekryx"
    },
    "end_ores_qosliedian_pickaxe": {
      "textures": "textures/items/pamobile/end_ores_qosliedian_pickaxe"
    },
    "end_ores_cliydian_hoe": {
      "textures": "textures/items/pamobile/end_ores_cliydian_hoe"
    },
    "end_ores_enderine_pickaxe": {
      "textures": "textures/items/pamobile/end_ores_enderine_pickaxe"
    },
    "end_ores_qoprothil_hoe": {
      "textures": "textures/items/pamobile/end_ores_qoprothil_hoe"
    },
    "end_ores_nuthoinyx_boots": {
      "textures": [
        "textures/items/pamobile/end_ores_nuthoinyx_boots"
      ]
    },
    "end_ores_yotrite_pickaxe": {
      "textures": "textures/items/pamobile/end_ores_yotrite_pickaxe"
    },
    "end_ores_zetrium_boots": {
      "textures": [
        "textures/items/pamobile/end_ores_zetrium_boots"
      ]
    },
    "end_ores_alexyne_chestplate": {
      "textures": [
        "textures/items/pamobile/end_ores_alexyne_chestplate"
      ]
    },
    "end_ores_hubryx_hoe": {
      "textures": "textures/items/pamobile/end_ores_hubryx_hoe"
    },
    "end_ores_yotrite_axe": {
      "textures": "textures/items/pamobile/end_ores_yotrite_axe"
    },
    "end_ores_kaplium_pickaxe": {
      "textures": "textures/items/pamobile/end_ores_kaplium_pickaxe"
    },
    "end_ores_xofrian_pants": {
      "textures": [
        "textures/items/pamobile/end_ores_xofrian_pants"
      ]
    },
    "end_ores:enderine": {
      "textures": "textures/items/pamobile/end_ores_enderine"
    },
    "end_ores:uflil": {
      "textures": "textures/items/pamobile/end_ores_uflil"
    },
    "end_ores_yotrite_shovel": {
      "textures": "textures/items/pamobile/end_ores_yotrite_shovel"
    },
    "end_ores_enderine_sword": {
      "textures": "textures/items/pamobile/end_ores_enderine_sword"
    },
    "end_ores_hubryx_boots": {
      "textures": [
        "textures/items/pamobile/end_ores_hubryx_boots"
      ]
    },
    "end_ores_voglyx_chestplate": {
      "textures": [
        "textures/items/pamobile/end_ores_voglyx_chestplate"
      ]
    },
    "end_ore_xupril_boots": {
      "textures": [
        "textures/items/pamobile/end_ore_xupril_boots"
      ]
    },
    "end_ores:kaplium": {
      "textures": "textures/items/pamobile/end_ores_kaplium"
    },
    "end_ores_enderine_shovel": {
      "textures": "textures/items/pamobile/end_ores_enderine_shovel"
    },
    "end_ores_xupril_axe": {
      "textures": "textures/items/pamobile/end_ores_xupril_axe"
    },
    "end_ores_enderine_axe": {
      "textures": "textures/items/pamobile/end_ores_enderine_axe"
    },
    "end_ores_uflil_boots": {
      "textures": [
        "textures/items/pamobile/end_ores_uflil_boots"
      ]
    },
    "end_ores_xupril_shovel": {
      "textures": "textures/items/pamobile/end_ores_xupril_shovel"
    },
    "end_ores_xupril_hoe": {
      "textures": "textures/items/pamobile/end_ores_xupril_hoe"
    },
    "end_ores_uflil_chestplate": {
      "textures": [
        "textures/items/pamobile/end_ores_uflil_chestplate"
      ]
    },
    "end_ores:xupril": {
      "textures": "textures/items/pamobile/end_ores_xupril"
    },
    "end_ores_uflil_pants": {
      "textures": [
        "textures/items/pamobile/end_ores_uflil_pants"
      ]
    },
    "end_ores_uflil_hoe": {
      "textures": "textures/items/pamobile/end_ores_uflil_hoe"
    },
    "end_ores_zetrium_hoe": {
      "textures": "textures/items/pamobile/end_ores_zetrium_hoe"
    },
    "end_ores_xenorite_hoe": {
      "textures": "textures/items/pamobile/end_ores_xenorite_hoe"
    },
    "end_ores_vutrerhil_pickaxe": {
      "textures": "textures/items/pamobile/end_ores_vutrerhil_pickaxe"
    },
    "end_ores_xupril_pickaxe": {
      "textures": "textures/items/pamobile/end_ores_xupril_pickaxe"
    },
    "end_ores_qukroenyx_sword": {
      "textures": "textures/items/pamobile/end_ores_qukroenyx_sword"
    },
    "end_ores_adriythil_hoe": {
      "textures": "textures/items/pamobile/end_ores_adriythil_hoe"
    },
    "end_ores_nuthoinyx_chestplate": {
      "textures": [
        "textures/items/pamobile/end_ores_nuthoinyx_chestplate"
      ]
    },
    "end_ores_hubryx_shovel": {
      "textures": "textures/items/pamobile/end_ores_hubryx_shovel"
    },
    "end_ores_voglyx_boots": {
      "textures": [
        "textures/items/pamobile/end_ores_voglyx_boots"
      ]
    },
    "end_ores_xupril_chestplate": {
      "textures": [
        "textures/items/pamobile/end_ores_xupril_chestplate"
      ]
    },
    "end_ores_dreanyx_hoe": {
      "textures": "textures/items/pamobile/end_ores_dreanyx_hoe"
    },
    "end_ores_xofrian_axe": {
      "textures": "textures/items/pamobile/end_ores_xofrian_axe"
    },
    "end_ores_alexyne_axe": {
      "textures": "textures/items/pamobile/end_ores_alexyne_axe"
    },
    "end_ores_anthalerite_shovel": {
      "textures": "textures/items/pamobile/end_ores_anthalerite_shovel"
    },
    "end_ores_qosliedian_boots": {
      "textures": [
        "textures/items/pamobile/end_ores_qosliedian_boots"
      ]
    },
    "end_ores_zetrium_axe": {
      "textures": "textures/items/pamobile/end_ores_zetrium_axe"
    },
    "end_ores_xofrian_sword": {
      "textures": "textures/items/pamobile/end_ores_xofrian_sword"
    },
    "end_ores_lekryx_pickaxe": {
      "textures": "textures/items/pamobile/end_ores_lekryx_pickaxe"
    },
    "end_ores_zetrium_pants": {
      "textures": [
        "textures/items/pamobile/end_ores_zetrium_pants"
      ]
    },
    "end_ores_yeglyx_sword": {
      "textures": "textures/items/pamobile/end_ores_yeglyx_sword"
    },
    "end_ores_dreanyx_boots": {
      "textures": [
        "textures/items/pamobile/end_ores_dreanyx_boots"
      ]
    },
    "end_ores_dreanyx_pickaxe": {
      "textures": "textures/items/pamobile/end_ores_dreanyx_pickaxe"
    },
    "end_ores_anthalerite_helmet": {
      "textures": [
        "textures/items/pamobile/end_ores_anthalerite_helmet"
      ]
    },
    "end_ores_adriythil_pickaxe": {
      "textures": "textures/items/pamobile/end_ores_adriythil_pickaxe"
    },
    "end_ores_dreanyx_shovel": {
      "textures": "textures/items/pamobile/end_ores_dreanyx_shovel"
    },
    "end_ore_anthalerite_sword": {
      "textures": "textures/items/pamobile/end_ore_anthalerite_sword"
    },
    "end_ores_anthalerite_axe": {
      "textures": "textures/items/pamobile/end_ores_anthalerite_axe"
    },
    "end_ores:qosliedian": {
      "textures": "textures/items/pamobile/end_ores_qosliedian"
    },
    "end_ores_voglyx_shovel": {
      "textures": "textures/items/pamobile/end_ores_voglyx_shovel"
    },
    "end_ores_voglyx_axe": {
      "textures": "textures/items/pamobile/end_ores_voglyx_axe"
    },
    "end_ores_voglyx_sword": {
      "textures": "textures/items/pamobile/end_ores_voglyx_sword"
    },
    "end_ores_xenorite_axe": {
      "textures": "textures/items/pamobile/end_ores_xenorite_axe"
    },
    "end_ores:zetrium": {
      "textures": "textures/items/pamobile/end_ores_zetrium"
    },
    "end_ores_qukroenyx_pickaxe": {
      "textures": "textures/items/pamobile/end_ores_qukroenyx_pickaxe"
    },
    "end_ores_xupril_sword": {
      "textures": "textures/items/pamobile/end_ores_xupril_sword"
    },
    "end_ores_nuthoinyx_sword": {
      "textures": "textures/items/pamobile/end_ores_nuthoinyx_sword"
    },
    "end_ores_nuthoinyx_helmet": {
      "textures": [
        "textures/items/pamobile/end_ores_nuthoinyx_helmet"
      ]
    },
    "end_ores_nuthoinyx_pants": {
      "textures": [
        "textures/items/pamobile/end_ores_nuthoinyx_pants"
      ]
    },
    "end_ores_yablolium_shovel": {
      "textures": "textures/items/pamobile/end_ores_yablolium_shovel"
    },
    "end_ores_alexyne_helmet": {
      "textures": [
        "textures/items/pamobile/end_ores_alexyne_helmet"
      ]
    },
    "end_ores_jaclanyx_shovel": {
      "textures": "textures/items/pamobile/end_ores_jaclanyx_shovel"
    },
    "end_ores_xofrian_pickaxe": {
      "textures": "textures/items/pamobile/end_ores_xofrian_pickaxe"
    },
    "end_ores:xofrian": {
      "textures": "textures/items/pamobile/end_ores_xofrian"
    },
    "end_ores_yablolium_hoe": {
      "textures": "textures/items/pamobile/end_ores_yablolium_hoe"
    },
    "end_ores_adriythil_shovel": {
      "textures": "textures/items/pamobile/end_ores_adriythil_shovel"
    },
    "end_ores_qukroenyx_axe": {
      "textures": "textures/items/pamobile/end_ores_qukroenyx_axe"
    },
    "end_ores_qosliedian_pants": {
      "textures": [
        "textures/items/pamobile/end_ores_qosliedian_pants"
      ]
    },
    "end_ores:yablolium": {
      "textures": "textures/items/pamobile/end_ores_yablolium"
    },
    "end_ores_zetrium_chestplate": {
      "textures": [
        "textures/items/pamobile/end_ores_zetrium_chestplate"
      ]
    },
    "end_ores_qosliedian_sword": {
      "textures": "textures/items/pamobile/end_ores_qosliedian_sword"
    },
    "end_ores_cliydian_sword": {
      "textures": "textures/items/pamobile/end_ores_cliydian_sword"
    },
    "end_ores_uflil_shovel": {
      "textures": "textures/items/pamobile/end_ores_uflil_shovel"
    },
    "end_ores_yeglyx_hoe": {
      "textures": "textures/items/pamobile/end_ores_yeglyx_hoe"
    },
    "end_ores_qukroenyx_hoe": {
      "textures": "textures/items/pamobile/end_ores_qukroenyx_hoe"
    },
    "end_ores_nuthoinyx_hoe": {
      "textures": "textures/items/pamobile/end_ores_nuthoinyx_hoe"
    },
    "end_ores_qosliedian_hoe": {
      "textures": "textures/items/pamobile/end_ores_qosliedian_hoe"
    },
    "end_ores_uflil_axe": {
      "textures": "textures/items/pamobile/end_ores_uflil_axe"
    },
    "end_ores_alexyne_shovel": {
      "textures": "textures/items/pamobile/end_ores_alexyne_shovel"
    },
    "end_ores_yablolium_pickaxe": {
      "textures": "textures/items/pamobile/end_ores_yablolium_pickaxe"
    },
    "end_ore_kaplium_sword": {
      "textures": "textures/items/pamobile/end_ore_kaplium_sword"
    },
    "end_ores:votrite": {
      "textures": "textures/items/pamobile/end_ores_votrite"
    },
    "end_ores:voglyx": {
      "textures": "textures/items/pamobile/end_ores_voglyx"
    },
    "end_ores_voglyx_helmet": {
      "textures": [
        "textures/items/pamobile/end_ores_voglyx_helmet"
      ]
    },
    "end_ores_qufrianium_axe": {
      "textures": "textures/items/pamobile/end_ores_qufrianium_axe"
    },
    "end_ores_yotrite_hoe": {
      "textures": "textures/items/pamobile/end_ores_yotrite_hoe"
    },
    "end_ores_xenorite_shovel": {
      "textures": "textures/items/pamobile/end_ores_xenorite_shovel"
    },
    "end_ores:vutrerhil": {
      "textures": "textures/items/pamobile/end_ores_vutrerhil"
    },
    "end_ores_vutrerhil_shovel": {
      "textures": "textures/items/pamobile/end_ores_vutrerhil_shovel"
    },
    "end_ores_yeglyx_axe": {
      "textures": "textures/items/pamobile/end_ores_yeglyx_axe"
    },
    "end_ores_qufrianium_sword": {
      "textures": "textures/items/pamobile/end_ores_qufrianium_sword"
    },
    "end_ores_jaclanyx_helmet": {
      "textures": [
        "textures/items/pamobile/end_ores_jaclanyx_helmet"
      ]
    },
    "end_ores_dreanyx_helmet": {
      "textures": [
        "textures/items/pamobile/end_ores_dreanyx_helmet"
      ]
    },
    "end_ores_voglyx_pants": {
      "textures": [
        "textures/items/pamobile/end_ores_voglyx_pants"
      ]
    },
    "end_ores_uflil_sword": {
      "textures": "textures/items/pamobile/end_ores_uflil_sword"
    },
    "end_ores_zetrium_pickaxe": {
      "textures": "textures/items/pamobile/end_ores_zetrium_pickaxe"
    },
    "end_ores_lekryx_sword": {
      "textures": "textures/items/pamobile/end_ores_lekryx_sword"
    },
    "end_ores:xenorite": {
      "textures": "textures/items/pamobile/end_ores_xenorite"
    },
    "end_ores_uflil_pickaxe": {
      "textures": "textures/items/pamobile/end_ores_uflil_pickaxe"
    },
    "end_ores_kaplium_shovel": {
      "textures": "textures/items/pamobile/end_ores_kaplium_shovel"
    },
    "end_ores_uflil_helmet": {
      "textures": [
        "textures/items/pamobile/end_ores_uflil_helmet"
      ]
    },
    "end_ores_xupril_pants": {
      "textures": [
        "textures/items/pamobile/end_ores_xupril_pants"
      ]
    },
    "end_ores_voglyx_hoe": {
      "textures": "textures/items/pamobile/end_ores_voglyx_hoe"
    },
    "end_ores_xupril_helmet": {
      "textures": [
        "textures/items/pamobile/end_ores_xupril_helmet"
      ]
    },
    "end_ores_qoprothil_shovel": {
      "textures": "textures/items/pamobile/end_ores_qoprothil_shovel"
    },
    "end_ores_zetrium_helmet": {
      "textures": [
        "textures/items/pamobile/end_ores_zetrium_helmet"
      ]
    },
    "end_ores_hubryx_pants": {
      "textures": [
        "textures/items/pamobile/end_ores_hubryx_pants"
      ]
    },
    "end_ores:jaclanyx": {
      "textures": "textures/items/pamobile/end_ores_jaclanyx"
    },
    "end_ores:alexyne": {
      "textures": "textures/items/pamobile/end_ores_alexyne"
    },
    "end_ores_xenorite_sword": {
      "textures": "textures/items/pamobile/end_ores_xenorite_sword"
    },
    "end_ores_zetrium_sword": {
      "textures": "textures/items/pamobile/end_ores_zetrium_sword"
    },
    "end_ores_voglyx_pickaxe": {
      "textures": "textures/items/pamobile/end_ores_voglyx_pickaxe"
    },
    "end_ores_lekryx_shovel": {
      "textures": "textures/items/pamobile/end_ores_lekryx_shovel"
    },
    "end_ores_vutrerhil_sword": {
      "textures": "textures/items/pamobile/end_ores_vutrerhil_sword"
    },
    "end_ores_enderine_hoe": {
      "textures": "textures/items/pamobile/end_ores_enderine_hoe"
    },
    "end_ores_jaclanyx_pants": {
      "textures": [
        "textures/items/pamobile/end_ores_jaclanyx_pants"
      ]
    },
    "end_ores:qukroenyx": {
      "textures": "textures/items/pamobile/end_ores_qukroenyx"
    },
    "end_ores_lekryx_axe": {
      "textures": "textures/items/pamobile/end_ores_lekryx_axe"
    },
    "end_ores_qufrianium_hoe": {
      "textures": "textures/items/pamobile/end_ores_qufrianium_hoe"
    },
    "end_ores_cliydian_pickaxe": {
      "textures": "textures/items/pamobile/end_ores_cliydian_pickaxe"
    },
    "end_ores_adriythil_axe": {
      "textures": "textures/items/pamobile/end_ores_adriythil_axe"
    },
    "end_ores:adriythil": {
      "textures": "textures/items/pamobile/end_ores_adriythil"
    },
    "end_ores_jaclanyx_hoe": {
      "textures": "textures/items/pamobile/end_ores_jaclanyx_hoe"
    },
    "end_ores_dreanyx_axe": {
      "textures": "textures/items/pamobile/end_ores_dreanyx_axe"
    },
    "end_ores_anthalerite_pickaxe": {
      "textures": "textures/items/pamobile/end_ores_anthalerite_pickaxe"
    },
    "end_ores_anthalerite_hoe": {
      "textures": "textures/items/pamobile/end_ores_anthalerite_hoe"
    },
    "end_ores:cliydian": {
      "textures": "textures/items/pamobile/end_ores_cliydian"
    },
    "end_ores_nuthoinyx_pickaxe": {
      "textures": "textures/items/pamobile/end_ores_nuthoinyx_pickaxe"
    },
    "end_ores_xenorite_chestplate": {
      "textures": [
        "textures/items/pamobile/end_ores_xenorite_chestplate"
      ]
    },
    "end_ores_zetrium_shovel": {
      "textures": "textures/items/pamobile/end_ores_zetrium_shovel"
    },
    "end_ores_xofrian_boots": {
      "textures": [
        "textures/items/pamobile/end_ores_xofrian_boots"
      ]
    },
    "end_ores_cliydian_axe": {
      "textures": "textures/items/pamobile/end_ores_cliydian_axe"
    },
    "end_ores_yablolium_axe": {
      "textures": "textures/items/pamobile/end_ores_yablolium_axe"
    },
    "end_ores:yeglyx": {
      "textures": "textures/items/pamobile/end_ores_yeglyx"
    },
    "end_ores:nuthoinyx": {
      "textures": "textures/items/pamobile/end_ores_nuthoinyx"
    },
    "end_ores_qosliedian_chestplate": {
      "textures": [
        "textures/items/pamobile/end_ores_qosliedian_chestplate"
      ]
    },
    "end_ores_nuthoinyx_axe": {
      "textures": "textures/items/pamobile/end_ores_nuthoinyx_axe"
    },
    "end_ores_xenorite_pants": {
      "textures": [
        "textures/items/pamobile/end_ores_xenorite_pants"
      ]
    },
    "end_ores_xenorite_pickaxe": {
      "textures": "textures/items/pamobile/end_ores_xenorite_pickaxe"
    },
    "end_ores_xofrian_helmet": {
      "textures": [
        "textures/items/pamobile/end_ores_xofrian_helmet"
      ]
    },
    "end_ores:qoprothil": {
      "textures": "textures/items/pamobile/end_ores_qoprothil"
    },
    "end_ores_xenorite_boots": {
      "textures": [
        "textures/items/pamobile/end_ores_xenorite_boots"
      ]
    },
    "end_ores:hubryx": {
      "textures": "textures/items/pamobile/end_ores_hubryx"
    },
    "end_ores_alexyne_pants": {
      "textures": [
        "textures/items/pamobile/end_ores_alexyne_pants"
      ]
    },
    "end_ores_kaplium_helmet": {
      "textures": [
        "textures/items/pamobile/end_ores_kaplium_helmet"
      ]
    },
    "end_ores_vutrerhil_axe": {
      "textures": "textures/items/pamobile/end_ores_vutrerhil_axe"
    },
    "end_ores_xenorite_helmet": {
      "textures": [
        "textures/items/pamobile/end_ores_xenorite_helmet"
      ]
    },
    "end_ores_alexyne_hoe": {
      "textures": "textures/items/pamobile/end_ores_alexyne_hoe"
    },
    "end_ores_qoprothil_sword": {
      "textures": "textures/items/pamobile/end_ores_qoprothil_sword"
    },
    "end_ores_alexyne_boots": {
      "textures": [
        "textures/items/pamobile/end_ores_alexyne_boots"
      ]
    },
    "end_ores_lekryx_hoe": {
      "textures": "textures/items/pamobile/end_ores_lekryx_hoe"
    },
    "end_ores_qoprothil_axe": {
      "textures": "textures/items/pamobile/end_ores_qoprothil_axe"
    },
    "end_ores_kaplium_boots": {
      "textures": [
        "textures/items/pamobile/end_ores_kaplium_boots"
      ]
    },
    "end_ores_hubryx_sword": {
      "textures": "textures/items/pamobile/end_ores_hubryx_sword"
    },
    "end_ores_kaplium_chestplate": {
      "textures": [
        "textures/items/pamobile/end_ores_kaplium_chestplate"
      ]
    },
    "end_ores_hubryx_axe": {
      "textures": "textures/items/pamobile/end_ores_hubryx_axe"
    },
    "end_ores_alexyne_pickaxe": {
      "textures": "textures/items/pamobile/end_ores_alexyne_pickaxe"
    },
    "end_ores_yeglyx_shovel": {
      "textures": "textures/items/pamobile/end_ores_yeglyx_shovel"
    },
    "end_ores_hubryx_chestplate": {
      "textures": [
        "textures/items/pamobile/end_ores_hubryx_chestplate"
      ]
    },
    "end_ores_vutrerhil_hoe": {
      "textures": "textures/items/pamobile/end_ores_vutrerhil_hoe"
    },
    "end_ores_yeglyx_pickaxe": {
      "textures": "textures/items/pamobile/end_ores_yeglyx_pickaxe"
    },
    "end_ores_adriythil_sword": {
      "textures": "textures/items/pamobile/end_ores_adriythil_sword"
    },
    "end_ores_jaclanyx_axe": {
      "textures": "textures/items/pamobile/end_ores_jaclanyx_axe"
    },
    "end_ores:qufrianium": {
      "textures": "textures/items/pamobile/end_ores_qufrianium"
    },
    "end_ores_qufrianium_pickaxe": {
      "textures": "textures/items/pamobile/end_ores_qufrianium_pickaxe"
    },
    "end_ores_jaclanyx_sword": {
      "textures": "textures/items/pamobile/end_ores_jaclanyx_sword"
    },
    "end_ores_anthalerite_boots": {
      "textures": [
        "textures/items/pamobile/end_ores_anthalerite_boots"
      ]
    },
    "end_ores_dreanyx_chestplate": {
      "textures": [
        "textures/items/pamobile/end_ores_dreanyx_chestplate"
      ]
    },
    "end_ores_dreanyx_sword": {
      "textures": "textures/items/pamobile/end_ores_dreanyx_sword"
    },
    "end_ores_votrite_sword": {
      "textures": "textures/items/pamobile/end_ores_votrite_sword"
    },
    "end_ores_anthalerite_chestplate": {
      "textures": [
        "textures/items/pamobile/end_ores_anthalerite_chestplate"
      ]
    },
    "end_ores_qukroenyx_shovel": {
      "textures": "textures/items/pamobile/end_ores_qukroenyx_shovel"
    },
    "end_ores_xofrian_hoe": {
      "textures": "textures/items/pamobile/end_ores_xofrian_hoe"
    },
    "end_ores_hubryx_helmet": {
      "textures": [
        "textures/items/pamobile/end_ores_hubryx_helmet"
      ]
    },
    "end_ores_jaclanyx_chestplate": {
      "textures": [
        "textures/items/pamobile/end_ores_jaclanyx_chestplate"
      ]
    },
    "end_ores_kaplium_hoe": {
      "textures": "textures/items/pamobile/end_ores_kaplium_hoe"
    },
    "end_ores_xofrian_shovel": {
      "textures": "textures/items/pamobile/end_ores_xofrian_shovel"
    },
    "end_ores_qosliedian_shovel": {
      "textures": "textures/items/pamobile/end_ores_qosliedian_shovel"
    },
    "end_ores_qosliedian_axe": {
      "textures": "textures/items/pamobile/end_ores_qosliedian_axe"
    },
    "end_ores_cliydian_shovel": {
      "textures": "textures/items/pamobile/end_ores_cliydian_shovel"
    },
    "end_ores_qoprothil_pickaxe": {
      "textures": "textures/items/pamobile/end_ores_qoprothil_pickaxe"
    },
    "end_ores_kaplium_axe": {
      "textures": "textures/items/pamobile/end_ores_kaplium_axe"
    },
    "end_ores_jaclanyx_pickaxe": {
      "textures": "textures/items/pamobile/end_ores_jaclanyx_pickaxe"
    },
    "end_ores_yablolium_sword": {
      "textures": "textures/items/pamobile/end_ores_yablolium_sword"
    },
    "end_ores_hubryx_pickaxe": {
      "textures": "textures/items/pamobile/end_ores_hubryx_pickaxe"
    },
    "end_ores_nuthoinyx_shovel": {
      "textures": "textures/items/pamobile/end_ores_nuthoinyx_shovel"
    },
    "end_ores_xofrian_chestplate": {
      "textures": [
        "textures/items/pamobile/end_ores_xofrian_chestplate"
      ]
    },
    "end_ores_alexyne_sword": {
      "textures": "textures/items/pamobile/end_ores_alexyne_sword"
    },
    "end_ores_kaplium_pants": {
      "textures": [
        "textures/items/pamobile/end_ores_kaplium_pants"
      ]
    },
    "end_ores_qosliedian_helmet": {
      "textures": [
        "textures/items/pamobile/end_ores_qosliedian_helmet"
      ]
    },
    "end_ores_quftianium_shovel": {
      "textures": "textures/items/pamobile/end_ores_quftianium_shovel"
    },
    "end_ores_jaclanyx_boots": {
      "textures": [
        "textures/items/pamobile/end_ores_jaclanyx_boots"
      ]
    },
    "end_ores:dreanyx": {
      "textures": "textures/items/pamobile/end_ores_dreanyx"
    },
    "end_ores_anthalerite_pants": {
      "textures": [
        "textures/items/pamobile/end_ores_anthalerite_pants"
      ]
    },
    "end_ores_dreanyx_pants": {
      "textures": [
        "textures/items/pamobile/end_ores_dreanyx_pants"
      ]
    },
    "end_ores:anthalerite": {
      "textures": "textures/items/pamobile/end_ores_anthalerite"
    }
  }
}