{
  "resource_pack_name": "vanilla",
  "texture_name": "atlas.terrain",
  "padding": 8,
  "num_mip_levels": 4,
  "texture_data": {
    "end_ores_dreanyx_ore": {
      "textures": [
        "textures/blocks/end_ores_dreanyx_ore"
      ]
    },
    "end_ores_qukroenyx_ore": {
      "textures": [
        "textures/blocks/end_ores_qukroenyx_ore"
      ]
    },
    "end_ores_zetrium_block": {
      "textures": [
        "textures/blocks/end_ores_zetrium_block"
      ]
    },
    "end_ores_qukroenyx_block": {
      "textures": [
        "textures/blocks/end_ores_qukroenyx_block"
      ]
    },
    "end_ores_xupril_block": {
      "textures": [
        "textures/blocks/end_ores_xupril_block"
      ]
    },
    "end_ores_xupril_ore": {
      "textures": [
        "textures/blocks/end_ores_xupril_ore"
      ]
    },
    "end_ores_yablolium_ore": {
      "textures": [
        "textures/blocks/end_ores_yablolium_ore"
      ]
    },
    "end_ores_voglyx_ore": {
      "textures": [
        "textures/blocks/end_ores_voglyx_ore"
      ]
    },
    "end_ores_enderine_ore": {
      "textures": [
        "textures/blocks/end_ores_enderine_ore"
      ]
    },
    "end_ores_kaplium_ore": {
      "textures": [
        "textures/blocks/end_ores_kaplium_ore"
      ]
    },
    "end_ores_xenorite_ore": {
      "textures": [
        "textures/blocks/end_ores_xenorite_ore"
      ]
    },
    "end_ores_yeglyx_ore": {
      "textures": [
        "textures/blocks/end_ores_yeglyx_ore"
      ]
    },
    "end_ores_yeglyx_block": {
      "textures": [
        "textures/blocks/end_ores_yeglyx_block"
      ]
    },
    "end_ores_qosliedian_ore": {
      "textures": [
        "textures/blocks/end_ores_qosliedian_ore"
      ]
    },
    "end_ores_jaclanyx_block": {
      "textures": [
        "textures/blocks/end_ores_jaclanyx_block"
      ]
    },
    "end_ores_uflil_block": {
      "textures": [
        "textures/blocks/end_ores_uflil_block"
      ]
    },
    "end_ores_voglyx_block": {
      "textures": [
        "textures/blocks/end_ores_voglyx_block"
      ]
    },
    "end_ores_anthalerite_ore": {
      "textures": [
        "textures/blocks/end_ores_anthalerite_ore"
      ]
    },
    "end_ores_lekryx_ore": {
      "textures": [
        "textures/blocks/end_ores_lekryx_ore"
      ]
    },
    "end_ores_yotrite_ore": {
      "textures": [
        "textures/blocks/end_ores_yotrite_ore"
      ]
    },
    "end_ores_yablolium_block": {
      "textures": [
        "textures/blocks/end_ores_yablolium_block"
      ]
    },
    "end_ores_enderine_block": {
      "textures": [
        "textures/blocks/end_ores_enderine_block"
      ]
    },
    "end_ores_xofrian_block": {
      "textures": [
        "textures/blocks/end_ores_xofrian_block"
      ]
    },
    "end_ores_cliydian_block": {
      "textures": [
        "textures/blocks/end_ores_cliydian_block"
      ]
    },
    "end_ores_uflil_ore": {
      "textures": [
        "textures/blocks/end_ores_uflil_ore"
      ]
    },
    "end_ores_vutrerhil_ore": {
      "textures": [
        "textures/blocks/end_ores_vutrerhil_ore"
      ]
    },
    "end_ores_nuthoinyx_ore": {
      "textures": [
        "textures/blocks/end_ores_nuthoinyx_ore"
      ]
    },
    "end_ores_kaplium_block": {
      "textures": [
        "textures/blocks/end_ores_kaplium_block"
      ]
    },
    "end_ores_hubryx_ore": {
      "textures": [
        "textures/blocks/end_ores_hubryx_ore"
      ]
    },
    "end_ores_qufrianium_block": {
      "textures": [
        "textures/blocks/end_ores_qufrianium_block"
      ]
    },
    "end_ores_zetrium_ore": {
      "textures": [
        "textures/blocks/end_ores_zetrium_ore"
      ]
    },
    "end_ores_qufrianium_ore": {
      "textures": [
        "textures/blocks/end_ores_qufrianium_ore"
      ]
    },
    "end_ores_jaclanyx_ore": {
      "textures": [
        "textures/blocks/end_ores_jaclanyx_ore"
      ]
    },
    "end_ores_qoprothil_ore": {
      "textures": [
        "textures/blocks/end_ores_qoprothil_ore"
      ]
    },
    "end_ores_dreanyx_block": {
      "textures": [
        "textures/blocks/end_ores_dreanyx_block"
      ]
    },
    "end_ores_adriythil_block": {
      "textures": [
        "textures/blocks/end_ores_adriythil_block"
      ]
    },
    "end_ores_anthalerite_block": {
      "textures": [
        "textures/blocks/end_ores_anthalerite_block"
      ]
    },
    "end_ores_hubryx_block": {
      "textures": [
        "textures/blocks/end_ores_hubryx_block"
      ]
    },
    "end_ores_qoprothil_block": {
      "textures": [
        "textures/blocks/end_ores_qoprothil_block"
      ]
    },
    "end_ores_xofrian_ore": {
      "textures": [
        "textures/blocks/end_ores_xofrian_ore"
      ]
    },
    "end_ores_cliydian_ore": {
      "textures": [
        "textures/blocks/end_ores_cliydian_ore"
      ]
    },
    "end_ores_lekryx_block": {
      "textures": [
        "textures/blocks/end_ores_lekryx_block"
      ]
    },
    "end_ores_adriythil_ore": {
      "textures": [
        "textures/blocks/end_ores_adriythil_ore"
      ]
    },
    "end_ores_yotrite_block": {
      "textures": [
        "textures/blocks/end_ores_yotrite_block"
      ]
    },
    "end_ores_qosliedian_block": {
      "textures": [
        "textures/blocks/end_ores_qosliedian_block"
      ]
    },
    "end_ores_xenorite_block": {
      "textures": [
        "textures/blocks/end_ores_xenorite_block"
      ]
    },
    "end_ores_alexyne_ore": {
      "textures": [
        "textures/blocks/end_ores_alexyne_ore"
      ]
    },
    "end_ores_alexyne_block": {
      "textures": [
        "textures/blocks/end_ores_alexyne_block"
      ]
    },
    "end_ores_nuthoinyx_block": {
      "textures": [
        "textures/blocks/end_ores_nuthoinyx_block"
      ]
    },
    "end_ores_vutrerhil_block": {
      "textures": [
        "textures/blocks/end_ores_vutrerhil_block"
      ]
    }
  }
}