{
  "resource_pack_name": "Addon Maker Resource",
  "texture_name": "atlas.items",
  "texture_data": {
    "egg_camel": {
      "textures": "textures/items/egg_camel"
    },
    "egg_lion": {
      "textures": "textures/items/egg_lion"
    },
    "egg_penguin": {
      "textures": "textures/items/egg_penguin"
    },
    "egg_tiger": {
      "textures": "textures/items/egg_tiger"
    },
    "egg_elephant": {
      "textures": "textures/items/egg_elephant"
    },
    "egg_deer": {
      "textures": "textures/items/egg_deer"
    },
    "egg_panther": {
      "textures": "textures/items/egg_panther"
    },
    "egg_frog": {
      "textures": "textures/items/egg_frog"
    },
    "egg_crocodile": {
      "textures": "textures/items/egg_crocodile"
    },
    "egg_mouse": {
      "textures": "textures/items/egg_mouse"
    },
    "gallardo": {
      "textures": "textures/items/gallardo"
    },
    "bench": {
      "textures": "textures/items/bench"
    },
    "christmas_tree": {
      "textures": "textures/items/christmas_tree"
    },
    "tivi": {
      "textures": "textures/items/tivi"
    },
    "closet": {
      "textures": "textures/items/closet"
    },
    "laptop": {
      "textures": "textures/items/laptop"
    },
    "piano": {
      "textures": "textures/items/piano"
    },
    "armchairs": {
      "textures": "textures/items/armchairs"
    },
    "chair": {
      "textures": "textures/items/chair"
    },
    "big_table": {
      "textures": "textures/items/big_table"
    },
    "small_table": {
      "textures": "textures/items/small_table"
    },
    "drone": {
      "textures": "textures/items/drone"
    },
    "colorful_gifts": {
      "textures": "textures/items/colorful_gifts"
    },
    "pa:BlonkWood_Sword": {
      "textures": "textures/items/pamobile/pa_BlonkWood_Sword"
    },
    "pa:Blonk_Sword": {
      "textures": "textures/items/pamobile/pa_Blonk_Sword"
    },
    "pa:Chocolate": {
      "textures": "textures/items/pamobile/pa_Chocolate"
    },
    "pa:BlonkWood_Stick": {
      "textures": "textures/items/pamobile/pa_BlonkWood_Stick"
    },
    "pa:Domp_Pickaxe": {
      "textures": "textures/items/pamobile/pa_Domp_Pickaxe"
    },
    "es:Zomp_Sword": {
      "textures": "textures/items/pamobile/es_Zomp_Sword"
    },
    "pa:Blonk_Axe": {
      "textures": "textures/items/pamobile/pa_Blonk_Axe"
    },
    "pa:Blonk_Ingot": {
      "textures": "textures/items/pamobile/pa_Blonk_Ingot"
    },
    "pa:Blonk_Pickaxe": {
      "textures": "textures/items/pamobile/pa_Blonk_Pickaxe"
    },
    "pa:Domp_Sword": {
      "textures": "textures/items/pamobile/pa_Domp_Sword"
    },
    "pa:Cheeseburger": {
      "textures": "textures/items/pamobile/pa_Cheeseburger"
    },
    "pa:Domp_Ingot": {
      "textures": "textures/items/pamobile/pa_Domp_Ingot"
    },
    "es:Zomp_Ingot": {
      "textures": "textures/items/pamobile/es_Zomp_Ingot"
    },
    "es:Romp_Pickaxe": {
      "textures": "textures/items/pamobile/es_Romp_Pickaxe"
    },
    "pa:Blonk_Shovel": {
      "textures": "textures/items/pamobile/pa_Blonk_Shovel"
    },
    "es:Somp_Ingot": {
      "textures": "textures/items/pamobile/es_Somp_Ingot"
    },
    "pa:Domp_Axe": {
      "textures": "textures/items/pamobile/pa_Domp_Axe"
    },
    "es:Bomp_Axe": {
      "textures": "textures/items/pamobile/es_Bomp_Axe"
    },
    "es:Romp_Ingot": {
      "textures": "textures/items/pamobile/es_Romp_Ingot"
    },
    "es:Romp_Shovel": {
      "textures": "textures/items/pamobile/es_Romp_Shovel"
    },
    "es:Romp_Axe": {
      "textures": "textures/items/pamobile/es_Romp_Axe"
    },
    "es:Zomp_Pickaxe": {
      "textures": "textures/items/pamobile/es_Zomp_Pickaxe"
    },
    "es:Zomp_Axe": {
      "textures": "textures/items/pamobile/es_Zomp_Axe"
    },
    "es:Zomp_Shovel": {
      "textures": "textures/items/pamobile/es_Zomp_Shovel"
    },
    "es:Bomp_Shovel": {
      "textures": "textures/items/pamobile/es_Bomp_Shovel"
    },
    "es:Bomp_Ingot": {
      "textures": "textures/items/pamobile/es_Bomp_Ingot"
    },
    "es:Bomp_Sword": {
      "textures": "textures/items/pamobile/es_Bomp_Sword"
    },
    "es:Somp_Axe": {
      "textures": "textures/items/pamobile/es_Somp_Axe"
    },
    "pa:Domp_Shovel": {
      "textures": "textures/items/pamobile/pa_Domp_Shovel"
    },
    "es:Somp_Shovel": {
      "textures": "textures/items/pamobile/es_Somp_Shovel"
    },
    "es:Romp_Sword": {
      "textures": "textures/items/pamobile/es_Romp_Sword"
    },
    "es:Somp_Sword": {
      "textures": "textures/items/pamobile/es_Somp_Sword"
    },
    "es:Bomp_Apple": {
      "textures": "textures/items/pamobile/es_Bomp_Apple"
    },
    "es:Bomp_Pickaxe": {
      "textures": "textures/items/pamobile/es_Bomp_Pickaxe"
    },
    "es:Multi_Tool": {
      "textures": "textures/items/pamobile/es_Multi_Tool"
    },
    "es:Somp_Pickaxe": {
      "textures": "textures/items/pamobile/es_Somp_Pickaxe"
    },
    "es:FlockStone_Sword": {
      "textures": "textures/items/pamobile/es_FlockStone_Sword"
    },
    "es:Somp_Apple": {
      "textures": "textures/items/pamobile/es_Somp_Apple"
    },
    "es:Romp_Apple": {
      "textures": "textures/items/pamobile/es_Romp_Apple"
    }
  }
}