{
  "resource_pack_name": "vanilla",
  "texture_name": "atlas.terrain",
  "padding": 8,
  "num_mip_levels": 4,
  "texture_data": {
    "pa_Blonk_Ore_up": {
      "textures": [
        "textures/blocks/pa_Blonk_Ore_up"
      ]
    },
    "pa_Blonk_Block_up": {
      "textures": [
        "textures/blocks/pa_Blonk_Block_up"
      ]
    },
    "pa_Domp_Ore_up": {
      "textures": [
        "textures/blocks/pa_Domp_Ore_up"
      ]
    },
    "pa_Domp_Block_up": {
      "textures": [
        "textures/blocks/pa_Domp_Block_up"
      ]
    },
    "pa_Blonk_Plank_up": {
      "textures": [
        "textures/blocks/pa_Blonk_Plank_up"
      ]
    },
    "pa_Blonk_Log_up": {
      "textures": [
        "textures/blocks/pa_Blonk_Log_up"
      ]
    },
    "es_Zomp_Ore_up": {
      "textures": [
        "textures/blocks/es_Zomp_Ore_up"
      ]
    },
    "es_Bomp_Ore_up": {
      "textures": [
        "textures/blocks/es_Bomp_Ore_up"
      ]
    },
    "es_Romp_Ore_up": {
      "textures": [
        "textures/blocks/es_Romp_Ore_up"
      ]
    },
    "es_Somp_Ore_up": {
      "textures": [
        "textures/blocks/es_Somp_Ore_up"
      ]
    },
    "es_Flock_Stone_up": {
      "textures": [
        "textures/blocks/es_Flock_Stone_up"
      ]
    },
    "es_Flock_Cobblestone_up": {
      "textures": [
        "textures/blocks/es_Flock_Cobblestone_up"
      ]
    },
    "pa_Blonk_Ore_down": {
      "textures": [
        "textures/blocks/pa_Blonk_Ore_down"
      ]
    },
    "pa_Blonk_Plank_down": {
      "textures": [
        "textures/blocks/pa_Blonk_Plank_down"
      ]
    },
    "pa_Domp_Ore_down": {
      "textures": [
        "textures/blocks/pa_Domp_Ore_down"
      ]
    },
    "pa_Blonk_Log_down": {
      "textures": [
        "textures/blocks/pa_Blonk_Log_down"
      ]
    },
    "es_Zomp_Ore_down": {
      "textures": [
        "textures/blocks/es_Zomp_Ore_down"
      ]
    },
    "pa_Blonk_Block_down": {
      "textures": [
        "textures/blocks/pa_Blonk_Block_down"
      ]
    },
    "pa_Domp_Block_down": {
      "textures": [
        "textures/blocks/pa_Domp_Block_down"
      ]
    },
    "es_Flock_Stone_down": {
      "textures": [
        "textures/blocks/es_Flock_Stone_down"
      ]
    },
    "es_Somp_Ore_down": {
      "textures": [
        "textures/blocks/es_Somp_Ore_down"
      ]
    },
    "es_Romp_Ore_down": {
      "textures": [
        "textures/blocks/es_Romp_Ore_down"
      ]
    },
    "es_Bomp_Ore_down": {
      "textures": [
        "textures/blocks/es_Bomp_Ore_down"
      ]
    },
    "es_Flock_Cobblestone_down": {
      "textures": [
        "textures/blocks/es_Flock_Cobblestone_down"
      ]
    },
    "pa_Blonk_Ore_side": {
      "textures": [
        "textures/blocks/pa_Blonk_Ore_side"
      ]
    },
    "pa_Domp_Ore_side": {
      "textures": [
        "textures/blocks/pa_Domp_Ore_side"
      ]
    },
    "pa_Blonk_Plank_side": {
      "textures": [
        "textures/blocks/pa_Blonk_Plank_side"
      ]
    },
    "pa_Blonk_Log_side": {
      "textures": [
        "textures/blocks/pa_Blonk_Log_side"
      ]
    },
    "es_Zomp_Ore_side": {
      "textures": [
        "textures/blocks/es_Zomp_Ore_side"
      ]
    },
    "pa_Blonk_Block_side": {
      "textures": [
        "textures/blocks/pa_Blonk_Block_side"
      ]
    },
    "pa_Domp_Block_side": {
      "textures": [
        "textures/blocks/pa_Domp_Block_side"
      ]
    },
    "es_Flock_Stone_side": {
      "textures": [
        "textures/blocks/es_Flock_Stone_side"
      ]
    },
    "es_Somp_Ore_side": {
      "textures": [
        "textures/blocks/es_Somp_Ore_side"
      ]
    },
    "es_Romp_Ore_side": {
      "textures": [
        "textures/blocks/es_Romp_Ore_side"
      ]
    },
    "es_Flock_Cobblestone_side": {
      "textures": [
        "textures/blocks/es_Flock_Cobblestone_side"
      ]
    },
    "es_Bomp_Ore_side": {
      "textures": [
        "textures/blocks/es_Bomp_Ore_side"
      ]
    }
  }
}