{
   "format_version":"1.16.100",
   "minecraft:item":{
      "description":{
         "identifier":"emore:barite_cleaver",
         "category":"equipment"
      },
      "components":{
         "minecraft:hand_equipped":true,
         "minecraft:max_stack_size":1,
         "minecraft:display_name":{
            "value":"Barite Cleaver\n§1Vision\n§eWithering\n§bChilling\n§5Gravity\n§2Toxic\n§dRegenerating\n§1Teleporting"
         },
         "minecraft:icon":{
            "texture":"barite_cleaver"
         },
         "minecraft:creative_category":{
            "parent":"itemGroup.name.sword"
         },
         "minecraft:weapon":{
            "on_hurt_entity":{
               "event":"effect"
            }
         },
         "minecraft:damage":11,
         "minecraft:enchantable":{
            "slot":"sword",
            "value":5
         },
         "minecraft:can_destroy_in_creative":false,
         "minecraft:durability":{
            "max_durability":3919
         },
         "minecraft:repairable":{
            "repair_items":[
               {
                  "repair_amount":50,
                  "items":[
                     "emore:barite_ingot"
                  ]
               }
            ]
         },
         "minecraft:digger":{
            "use_efficiency":true,
            "on_dig":{
               "event":"break"
            },
            "destroy_speeds":[
               {
                  "block":"minecraft:web",
                  "speed":10,
                  "on_dig":{
                     "event":"break"
                  }
               }
            ]
         },
         "minecraft:on_use":{
            "on_use":{
               "event":"used"
            }
         }
      },
      "events":{
         "used":{
            "swing":{
            },
            "run_command":{
               "command":[
                  
"effect @s night_vision 30 0 true",
"effect @s jump_boost 10 2 true",
"effect @s regeneration 10 1 true",
"spreadplayers ~ ~ 0 10 @s"

               ]
            },
            "damage":{
               "type":"magic",
               "amount":8,
               "target":"self"
            }
         },
         "effect":{
            "run_command":{
               "command":[
                  
"effect @s wither 10 1",
"effect @s slowness 10 0",
"effect @s levitation 1 5",
"effect @s poison 5 1",
"spreadplayers ~ ~ 0 10 @s"

               ],
               "target":"other"
            },
            "damage":{
               "type":"magic",
               "amount":1,
               "target":"self"
            }
         },
         "break":{
            "damage":{
               "type":"magic",
               "amount":1,
               "target":"self"
            }
         }
      }
   }
}