{
    "format_version":  "1.16.100",
    "minecraft:item":  {
        "description":  {
            "category": "equipment",
            "identifier":  "emore:bearite_pickaxe"
        },
        "components":  {
            "minecraft:creative_category": {
                "parent": "itemGroup.name.pickaxe"
            },
            "minecraft:max_stack_size":  1,
            "minecraft:hand_equipped":  true,
         "minecraft:weapon":{
            "on_hurt_entity":{
               "event":"effect"
            }
         },
         "minecraft:durability":{
            "max_durability":180
         },
         "minecraft:repairable":{
            "repair_items":[
               {
                  "repair_amount":50,
                  "items":[
                     "minecraft:bearite_ingot"
                  ]
               }
            ]
         },
            "minecraft:mining_speed":  1,
            "minecraft:damage":  4,
            "minecraft:enchantable":  {
                "value":  10,
                "slot":  "pickaxe"
            },
            "minecraft:icon": {
                "texture": "bearite_pickaxe"
            },
            "minecraft:display_name": {
                "value": "Bearite Pickaxe"
            },
            "minecraft:digger":  {
                "use_efficiency":  true,
                "destroy_speeds":  [
                    {
                        "block":  "minecraft:stone",
                        "speed":  4,
                  "on_dig":{
                     "event":"break"
                  }
                    },
                    {
                        "block":  "minecraft:stone_brick",
                        "speed":  4,
                  "on_dig":{
                     "event":"break"
                  }
                    },
                    {
                        "block":  "minecraft:coal_ore",
                        "speed":  4,
                  "on_dig":{
                     "event":"break"
                  }
                    },
                    {
                        "block":  "minecraft:iron_ore",
                        "speed":  4,
                  "on_dig":{
                     "event":"break"
                  }
                    },
                    {
                        "block":  "minecraft:gold_ore",
                        "speed":  4,
                  "on_dig":{
                     "event":"break"
                  }
                    },
                    {
                        "block":  "minecraft:diamond_ore",
                        "speed":  4,
                  "on_dig":{
                     "event":"break"
                  }
                    },
                    {
                        "block":  "minecraft:emerald_ore",
                        "speed":  4,
                  "on_dig":{
                     "event":"break"
                  }
                    },
                    {
                        "block":  "emore:bearite_ore",
                        "speed":  4,
                  "on_dig":{
                     "event":"break"
                  }
                    },
                    {
                        "block":  "minecraft:redstone_ore",
                        "speed":  4,
                  "on_dig":{
                     "event":"break"
                  }
                    },
                    {
                        "block":  "minecraft:lapis_ore",
                        "speed":  4,
                  "on_dig":{
                     "event":"break"
                  }
                    },
                    {
                        "block":  "minecraft:ice",
                        "speed":  4,
                  "on_dig":{
                     "event":"break"
                  }
                    },
                    {
                        "block":  "minecraft:basalt",
                        "speed":  4,
                  "on_dig":{
                     "event":"break"
                  }
                    },
                    {
                        "block":  "minecraft:polished_basalt",
                        "speed":  4,
                  "on_dig":{
                     "event":"break"
                  }
                    },
                    {
                        "block":  "minecraft:netherrack",
                        "speed":  4,
                  "on_dig":{
                     "event":"break"
                  }
                    },
                    {
                        "block":  "minecraft:nether_brick",
                        "speed":  4,
                  "on_dig":{
                     "event":"break"
                  }
                    },
                    {
                        "block":  "minecraft:cobblestone",
                        "speed":  4,
                  "on_dig":{
                     "event":"break"
                  }
                    },
                    {
                        "block":  "minecraft:nether_gold_ore",
                        "speed":  4,
                  "on_dig":{
                     "event":"break"
                  }
                    },
                    {
                        "block":  "minecraft:ice",
                        "speed":  4,
                  "on_dig":{
                     "event":"break"
                  }
                    },
                    {
                        "block":  "minecraft:concrete",
                        "speed":  4,
                  "on_dig":{
                     "event":"break"
                  }
                    },
                    {
                        "block":  "minecraft:hardened_clay",
                        "speed":  4,
                  "on_dig":{
                     "event":"break"
                  }
                    },
                    {
                        "block":  "minecraft:stained_hardened_clay",
                        "speed":  4,
                  "on_dig":{
                     "event":"break"
                  }
                    },
                    {
                        "block":  "minecraft:ancient_debris",
                        "speed":  4,
                  "on_dig":{
                     "event":"break"
                  }
                    },
                    {
                        "block":  "minecraft:quartz_block",
                        "speed":  4,
                  "on_dig":{
                     "event":"break"
                  }
                    },
                    {
                        "block":  "minecraft:quartz_ore",
                        "speed":  4,
                  "on_dig":{
                     "event":"break"
                  }
                    },
                    {
                        "block":  "minecraft:shulker_box",
                        "speed":  4,
                  "on_dig":{
                     "event":"break"
                  }
                    },
                    {
                        "block":  "minecraft:undyed_shulker_box",
                        "speed":  4,
                  "on_dig":{
                     "event":"break"
                  }
                    },
                    {
                        "block":  "minecraft:bone_block",
                        "speed":  4,
                  "on_dig":{
                     "event":"break"
                  }
                    },
                    {
                        "block":  "minecraft:brick_block",
                        "speed":  4,
                  "on_dig":{
                     "event":"break"
                  }
                    },
                    {
                        "block":  "minecraft:furnace",
                        "speed":  4,
                  "on_dig":{
                     "event":"break"
                  }
                    },
                    {
                        "block":  "minecraft:blast_furnace",
                        "speed":  4,
                  "on_dig":{
                     "event":"break"
                  }
                    },
                    {
                        "block":  "minecraft:rail",
                        "speed":  4,
                  "on_dig":{
                     "event":"break"
                  }
                    },
                    {
                        "block":  "minecraft:sandstone",
                        "speed":  4,
                  "on_dig":{
                     "event":"break"
                  }
                    }
                ]
            }
        },
      "events":{
         "effect":{
            "damage":{
               "type":"magic",
               "amount":1,
               "target":"self"
            }
         },
         "break":{
            "damage":{
               "type":"magic",
               "amount":1,
               "target":"self"
            }
         }
      }
   }
}