{
    "format_version":  "1.16.100",
    "minecraft:item":  {
        "description":  {
            "category": "equipment",
            "identifier":  "emore:bronze_shovel"
        },
        "components":  {
            "minecraft:creative_category": {
                "parent": "itemGroup.name.shovel"
            },
            "minecraft:max_stack_size":  1,
            "minecraft:hand_equipped":  true,
         "minecraft:weapon":{
            "on_hurt_entity":{
               "event":"effect"
            }
         },
         "minecraft:durability":{
            "max_durability":120
         },
         "minecraft:repairable":{
            "repair_items":[
               {
                  "repair_amount":50,
                  "items":[
                     "minecraft:bronze_ingot"
                  ]
               }
            ]
         },
            "minecraft:mining_speed":  1,
            "minecraft:damage":  1,
            "minecraft:enchantable":  {
                "value":  10,
                "slot":  "shovel"
            },
            "minecraft:icon": {
                "texture": "bronze_shovel"
            },
            "minecraft:display_name": {
                "value": "Bronze Shovel"
            },
            "minecraft:digger":  {
                "use_efficiency":  true,
                "destroy_speeds":  [
                        {
                            "block":  "minecraft:sand",
                            "speed":  3,
                  "on_dig":{
                     "event":"break"
                  }
                        },
                        {
                            "block":  "minecraft:dirt",
                            "speed":  3,
                  "on_dig":{
                     "event":"break"
                  }
                        },
                        {
                            "block":  "minecraft:gravel",
                            "speed":  3,
                  "on_dig":{
                     "event":"break"
                  }
                        },
                        {
                            "block":  "minecraft:grass",
                            "speed":  3,
                  "on_dig":{
                     "event":"break"
                  }
                        },
                        {
                            "block":  "minecraft:farmland",
                            "speed":  3,
                  "on_dig":{
                     "event":"break"
                  }
                        },
                        {
                            "block":  "minecraft:concretepowder",
                            "speed":  3,
                  "on_dig":{
                     "event":"break"
                  }
                        },
                        {
                            "block":  "minecraft:snow",
                            "speed":  3,
                  "on_dig":{
                     "event":"break"
                  }
                        }
                ]
            }
        },
      "events":{
         "effect":{
            "damage":{
               "type":"magic",
               "amount":1,
               "target":"self"
            }
         },
         "break":{
            "damage":{
               "type":"magic",
               "amount":1,
               "target":"self"
            }
         }
      }
   }
}