{
   "format_version":"1.16.100",
   "minecraft:item":{
      "description":{
            "category": "equipment",
         "identifier":"emore:cdyite_axe"
      },
      "components":{
         "minecraft:creative_category":{
            "parent":"itemGroup.name.axe"
         },
         "minecraft:weapon":{
            "on_hurt_entity":{
               "event":"effect"
            }
         },
         "minecraft:max_stack_size":1,
         "minecraft:hand_equipped":true,
         "minecraft:durability":{
            "max_durability":270
         },
         "minecraft:repairable":{
            "repair_items":[
               {
                  "repair_amount":50,
                  "items":[
                     "minecraft:cdyite_ingot"
                  ]
               }
            ]
         },
         "minecraft:mining_speed":1,
         "minecraft:damage":8,
         "minecraft:enchantable":{
            "value":22,
            "slot":"axe"
         },
         "minecraft:icon":{
            "texture":"cdyite_axe"
         },
         "minecraft:display_name":{
            "value":"Cdyite Axe"
         },
         "minecraft:digger":{
            "use_efficiency":true,
            "destroy_speeds":[
               {
                  "block":"minecraft:chest",
                  "speed":6,
                  "on_dig":{
                     "event":"break"
                  }
               },
               {
                  "block":"minecraft:log",
                  "speed":6,
                  "on_dig":{
                     "event":"break"
                  }
               },
               {
                  "block":"minecraft:log2",
                  "speed":6,
                  "on_dig":{
                     "event":"break"
                  }
               },
               {
                  "block":"minecraft:planks",
                  "speed":6,
                  "on_dig":{
                     "event":"break"
                  }
               },
               {
                  "block":"minecraft:wood",
                  "speed":6,
                  "on_dig":{
                     "event":"break"
                  }
               },
               {
                  "block":"minecraft:wooden_door",
                  "speed":6,
                  "on_dig":{
                     "event":"break"
                  }
               },
               {
                  "block":"minecraft:wooden_button",
                  "speed":6,
                  "on_dig":{
                     "event":"break"
                  }
               },
               {
                  "block":"minecraft:wooden_pressure_plate",
                  "speed":6,
                  "on_dig":{
                     "event":"break"
                  }
               },
               {
                  "block":"minecraft:wooden_slab",
                  "speed":6,
                  "on_dig":{
                     "event":"break"
                  }
               },
               {
                  "block":"minecraft:crafting_table",
                  "speed":6,
                  "on_dig":{
                     "event":"break"
                  }
               },
               {
                  "block":"minecraft:pumpkin",
                  "speed":6,
                  "on_dig":{
                     "event":"break"
                  }
               },
               {
                  "block":"minecraft:melon_block",
                  "speed":6,
                  "on_dig":{
                     "event":"break"
                  }
               }
            ]
         }
      },
      "events":{
         "effect":{
            "damage":{
               "type":"magic",
               "amount":1,
               "target":"self"
            }
         },
         "break":{
            "damage":{
               "type":"magic",
               "amount":1,
               "target":"self"
            }
         }
      }
   }
}