{
    "format_version":    "1.16.100",
    "minecraft:item":  {
        "description":  {
            "category": "equipment",
            "identifier":  "emore:cdyite_boots"
        },
        "components":  {
         "minecraft:creative_category":{
            "parent":"itemGroup.name.armor"
         },
            "minecraft:max_stack_size":  1,
            "minecraft:enchantable":  {
                "value":  10,
                "slot":  "armor_feet"
            },
         "minecraft:durability":{
            "max_durability":270
         },
         "minecraft:repairable":{
            "repair_items":[
               {
                  "repair_amount":50,
                  "items":[
                     "minecraft:cdyite_ingot"
                  ]
               }
            ]
         },
            "minecraft:icon": {
                "texture": "cdyite_boots"
            },
            "minecraft:display_name": {
                "value": "Cdyite Boots 4 Protection"
            },
            "minecraft:armor":  {
                "protection":  4
            },
            "minecraft:wearable":  {
                "slot":  "slot.armor.feet"
            }
        }
    }
}