{
   "format_version":"1.16.100",
   "minecraft:item":{
      "description":{
         "identifier":"emore:crimson_dagger",
         "category":"equipment"
      },
      "components":{
         "minecraft:hand_equipped":true,
         "minecraft:max_stack_size":1,
         "minecraft:display_name":{
            "value":"Crimson Dagger\n§6Blazing"
         },
         "minecraft:icon":{
            "texture":"crimson_dagger"
         },
         "minecraft:creative_category":{
            "parent":"itemGroup.name.sword"
         },
         "minecraft:weapon":{
            "on_hurt_entity":{
               "event":"effect"
            }
         },
         "minecraft:damage":10,
         "minecraft:enchantable":{
            "slot":"sword",
            "value":5
         },
         "minecraft:can_destroy_in_creative":false,
         "minecraft:durability":{
            "max_durability":1371
         },
         "minecraft:repairable":{
            "repair_items":[
               {
                  "repair_amount":50,
                  "items":[
                     "emore:crimson_ingot"
                  ]
               }
            ]
         },
         "minecraft:digger":{
            "use_efficiency":true,
            "on_dig":{
               "event":"break"
            },
            "destroy_speeds":[
               {
                  "block":"minecraft:web",
                  "speed":10,
                  "on_dig":{
                     "event":"break"
                  }
               }
            ]
         },
         "minecraft:on_use":{
            "on_use":{
               "event":"used"
            }
         }
      },
      "events":{
         "used":{
            "swing":{
            },
            "run_command":{
               "command":[
                  

               ]
            },
            "damage":{
               "type":"magic",
               "amount":0,
               "target":"self"
            }
         },
         "effect":{
            "run_command":{
               "command":[
                  
"fill ~ ~ ~ ~ ~ ~ fire 0 replace air"

               ],
               "target":"other"
            },
            "damage":{
               "type":"magic",
               "amount":1,
               "target":"self"
            }
         },
         "break":{
            "damage":{
               "type":"magic",
               "amount":1,
               "target":"self"
            }
         }
      }
   }
}