{
  "end_ores:dreanyx_ore": {
    "textures": "end_ores_dreanyx_ore",
    "sound": "stone"
  },
  "end_ores:qukroenyx_ore": {
    "textures": "end_ores_qukroenyx_ore",
    "sound": "stone"
  },
  "end_ores:zetrium_block": {
    "textures": "end_ores_zetrium_block",
    "sound": "stone"
  },
  "end_ores:qukroenyx_block": {
    "textures": "end_ores_qukroenyx_block",
    "sound": "normal"
  },
  "end_ores:xupril_block": {
    "textures": "end_ores_xupril_block",
    "sound": "stone"
  },
  "end_ores:xupril_ore": {
    "textures": "end_ores_xupril_ore",
    "sound": "normal"
  },
  "end_ores:voglyx_ore": {
    "textures": "end_ores_voglyx_ore",
    "sound": "stone"
  },
  "end_ores:enderine_ore": {
    "textures": "end_ores_enderine_ore",
    "sound": "stone"
  },
  "end_ores:kaplium_ore": {
    "textures": "end_ores_kaplium_ore",
    "sound": "stone"
  },
  "end_ores:xenorite_ore": {
    "textures": "end_ores_xenorite_ore",
    "sound": "stone"
  },
  "end_ores:yeglyx_ore": {
    "textures": "end_ores_yeglyx_ore",
    "sound": "stone"
  },
  "end_ores:yeglyx_block": {
    "textures": "end_ores_yeglyx_block",
    "sound": "stone"
  },
  "end_ores:qosliedian_ore": {
    "textures": "end_ores_qosliedian_ore",
    "sound": "stone"
  },
  "end_ores:jaclanyx_block": {
    "textures": "end_ores_jaclanyx_block",
    "sound": "stone"
  },
  "end_ores:uflil_block": {
    "textures": "end_ores_uflil_block",
    "sound": "stone"
  },
  "end_ores:voglyx_block": {
    "textures": "end_ores_voglyx_block",
    "sound": "stone"
  },
  "end_ores:anthalerite_ore": {
    "textures": "end_ores_anthalerite_ore",
    "sound": "stone"
  },
  "end_ores:lekryx_ore": {
    "textures": "end_ores_lekryx_ore",
    "sound": "stone"
  },
  "end_ores:yotrite_ore": {
    "textures": "end_ores_yotrite_ore",
    "sound": "stone"
  },
  "end_ores:yablolium_block": {
    "textures": "end_ores_yablolium_block",
    "sound": "stone"
  },
  "end_ores:enderine_block": {
    "textures": "end_ores_enderine_block",
    "sound": "stone"
  },
  "end_ores:xofrian_block": {
    "textures": "end_ores_xofrian_block",
    "sound": "stone"
  },
  "end_ores:cliydian_block": {
    "textures": "end_ores_cliydian_block",
    "sound": "stone"
  },
  "end_ores:uflil_ore": {
    "textures": "end_ores_uflil_ore",
    "sound": "stone"
  },
  "end_ores:vutrerhil_ore": {
    "textures": "end_ores_vutrerhil_ore",
    "sound": "stone"
  },
  "end_ores:nuthoinyx_ore": {
    "textures": "end_ores_nuthoinyx_ore",
    "sound": "stone"
  },
  "end_ores:kaplium_block": {
    "textures": "end_ores_kaplium_block",
    "sound": "stone"
  },
  "end_ores:hubryx_ore": {
    "textures": "end_ores_hubryx_ore",
    "sound": "stone"
  },
  "end_ores:qufrianium_block": {
    "textures": "end_ores_qufrianium_block",
    "sound": "stone"
  },
  "end_ores:zetrium_ore": {
    "textures": "end_ores_zetrium_ore",
    "sound": "stone"
  },
  "end_ores:qufrianium_ore": {
    "textures": "end_ores_qufrianium_ore",
    "sound": "stone"
  },
  "end_ores:jaclanyx_ore": {
    "textures": "end_ores_jaclanyx_ore",
    "sound": "stone"
  },
  "end_ores:qoprothil_ore": {
    "textures": "end_ores_qoprothil_ore",
    "sound": "stone"
  },
  "end_ores:dreanyx_block": {
    "textures": "end_ores_dreanyx_block",
    "sound": "stone"
  },
  "end_ores:adriythil_block": {
    "textures": "end_ores_adriythil_block",
    "sound": "stone"
  },
  "end_ores:anthalerite_block": {
    "textures": "end_ores_anthalerite_block",
    "sound": "stone"
  },
  "end_ores:hubryx_block": {
    "textures": "end_ores_hubryx_block",
    "sound": "stone"
  },
  "end_ores:qoprothil_block": {
    "textures": "end_ores_qoprothil_block",
    "sound": "stone"
  },
  "end_ores:cliydian_ore": {
    "textures": "end_ores_cliydian_ore",
    "sound": "stone"
  },
  "end_ores:lekryx_block": {
    "textures": "end_ores_lekryx_block",
    "sound": "stone"
  },
  "end_ores:yotrite_block": {
    "textures": "end_ores_yotrite_block",
    "sound": "stone"
  },
  "end_ores:qosliedian_block": {
    "textures": "end_ores_qosliedian_block",
    "sound": "stone"
  },
  "end_ores:xenorite_block": {
    "textures": "end_ores_xenorite_block",
    "sound": "stone"
  },
  "end_ores:alexyne_ore": {
    "textures": "end_ores_alexyne_ore",
    "sound": "stone"
  },
  "end_ores:alexyne_block": {
    "textures": "end_ores_alexyne_block",
    "sound": "stone"
  },
  "end_ores:nuthoinyx_block": {
    "textures": "end_ores_nuthoinyx_block",
    "sound": "stone"
  },
  "end_ores:vutrerhil_block": {
    "textures": "end_ores_vutrerhil_block",
    "sound": "stone"
  },
  "end_ores:yablolium_ore": {
    "textures": "end_ores_yablolium_ore",
    "sound": "stone"
  },
  "end_ores:xofrian_ore": {
    "textures": "end_ores_xofrian_ore",
    "sound": "stone"
  },
  "end_ores:adriythil_ore": {
    "textures": "end_ores_adriythil_ore",
    "sound": "stone"
  },
  "format_version": [
    1,
    1,
    0
  ]
}