{
  "format_version": "1.12",
  "minecraft:recipe_shaped": {
    "description": {
      "identifier": "Multi_Tool_f1d00b43"
    },
    "tags": [
      "crafting_table"
    ],
    "pattern": [
      " A ",
      "BCD",
      " E "
    ],
    "key": {
      "A": {
        "item": "es:Somp_Shovel",
        "data": 0
      },
      "B": {
        "item": "es:Somp_Axe",
        "data": 0
      },
      "C": {
        "item": "es:Somp_Sword",
        "data": 0
      },
      "D": {
        "item": "es:Somp_Pickaxe",
        "data": 0
      },
      "E": {
        "item": "minecraft:stick",
        "data": 0
      }
    },
    "result": {
      "item": "es:Multi_Tool",
      "count": 1
    }
  }
}