{
  "format_version": "1.12",
  "minecraft:recipe_shaped": {
    "description": {
      "identifier": "recipes_cfbe613f"
    },
    "tags": [
      "crafting_table"
    ],
    "pattern": [
      "  A",
      " AB",
      "A B"
    ],
    "key": {
      "A": {
        "item": "pa:BlonkWood_Stick",
        "data": 0
      },
      "B": {
        "item": "minecraft:string",
        "data": 0
      }
    },
    "result": {
      "item": "minecraft:fishing_rod",
      "count": 1,
      "data": 0
    }
  }
}