{
  "format_version": "1.12",
  "minecraft:recipe_shaped": {
    "description": {
      "identifier": "recipes_caa4526a"
    },
    "tags": [
      "crafting_table"
    ],
    "pattern": [
      "A",
      "B",
      "B"
    ],
    "key": {
      "A": {
        "item": "minecraft:iron_ingot",
        "data": 0
      },
      "B": {
        "item": "pa:BlonkWood_Stick",
        "data": 0
      }
    },
    "result": {
      "item": "minecraft:iron_shovel",
      "count": 1,
      "data": 0
    }
  }
}