{
  "format_version": "1.12",
  "minecraft:recipe_shaped": {
    "description": {
      "identifier": "recipes_e4fb4c2d"
    },
    "tags": [
      "crafting_table"
    ],
    "pattern": [
      "A",
      "B",
      "C"
    ],
    "key": {
      "A": {
        "item": "minecraft:flint",
        "data": 0
      },
      "B": {
        "item": "pa:BlonkWood_Stick",
        "data": 0
      },
      "C": {
        "item": "minecraft:feather",
        "data": 0
      }
    },
    "result": {
      "item": "minecraft:arrow",
      "count": 2,
      "data": 0
    }
  }
}