{
  "format_version": "1.12",
  "minecraft:recipe_shaped": {
    "description": {
      "identifier": "recipes_7fc0ce79"
    },
    "tags": [
      "crafting_table"
    ],
    "pattern": [
      "A",
      "A",
      "B"
    ],
    "key": {
      "A": {
        "item": "minecraft:planks",
        "data": 2
      },
      "B": {
        "item": "pa:BlonkWood_Stick",
        "data": 0
      }
    },
    "result": {
      "item": "minecraft:wooden_sword",
      "count": 1,
      "data": 0
    }
  }
}