{
  "format_version": "1.12",
  "minecraft:recipe_shaped": {
    "description": {
      "identifier": "recipes_5210210e"
    },
    "tags": [
      "crafting_table"
    ],
    "pattern": [
      "A",
      "A",
      "B"
    ],
    "key": {
      "A": {
        "item": "minecraft:iron_ingot",
        "data": 0
      },
      "B": {
        "item": "pa:BlonkWood_Stick",
        "data": 0
      }
    },
    "result": {
      "item": "minecraft:iron_sword",
      "count": 1,
      "data": 0
    }
  }
}