{
  "format_version": "1.13.0",
  "minecraft:feature_rules": {
    "description": {
      "identifier": "overworld_underground_Somp_Ore_feature",
      "places_feature": "es_Somp_Ore_feature"
    },
    "conditions": {
      "placement_pass": "underground_pass",
      "minecraft:biome_filter": [
        {
          "any_of": [
            {
              "test": "has_biome_tag",
              "operator": "==",
              "value": "blonkbiome"
            },
            {
              "test": "has_biome_tag",
              "operator": "==",
              "value": "minersbiome"
            },
            {
              "test": "has_biome_tag",
              "operator": "==",
              "value": "beach"
            },
            {
              "test": "has_biome_tag",
              "operator": "==",
              "value": "stone_beach"
            },
            {
              "test": "has_biome_tag",
              "operator": "==",
              "value": "cold_beach"
            },
            {
              "test": "has_biome_tag",
              "operator": "==",
              "value": "forest"
            },
            {
              "test": "has_biome_tag",
              "operator": "==",
              "value": "forest_hills"
            },
            {
              "test": "has_biome_tag",
              "operator": "==",
              "value": "flower_forest"
            },
            {
              "test": "has_biome_tag",
              "operator": "==",
              "value": "birch_forest"
            },
            {
              "test": "has_biome_tag",
              "operator": "==",
              "value": "birch_forest_hills"
            },
            {
              "test": "has_biome_tag",
              "operator": "==",
              "value": "birch_forest_mutated"
            },
            {
              "test": "has_biome_tag",
              "operator": "==",
              "value": "birch_forest_hills_mutated"
            },
            {
              "test": "has_biome_tag",
              "operator": "==",
              "value": "roofed_forest"
            },
            {
              "test": "has_biome_tag",
              "operator": "==",
              "value": "roofed_forest_mutated"
            },
            {
              "test": "has_biome_tag",
              "operator": "==",
              "value": "jungle"
            },
            {
              "test": "has_biome_tag",
              "operator": "==",
              "value": "jungle_hills"
            },
            {
              "test": "has_biome_tag",
              "operator": "==",
              "value": "jungle_mutated"
            },
            {
              "test": "has_biome_tag",
              "operator": "==",
              "value": "jungle_edge"
            },
            {
              "test": "has_biome_tag",
              "operator": "==",
              "value": "jungle_edge_mutated"
            },
            {
              "test": "has_biome_tag",
              "operator": "==",
              "value": "bamboo_jungle"
            },
            {
              "test": "has_biome_tag",
              "operator": "==",
              "value": "bamboo_jungle_hills"
            },
            {
              "test": "has_biome_tag",
              "operator": "==",
              "value": "taiga"
            },
            {
              "test": "has_biome_tag",
              "operator": "==",
              "value": "taiga_hills"
            },
            {
              "test": "has_biome_tag",
              "operator": "==",
              "value": "taiga_mutated"
            },
            {
              "test": "has_biome_tag",
              "operator": "==",
              "value": "cold_taiga"
            },
            {
              "test": "has_biome_tag",
              "operator": "==",
              "value": "cold_taiga_hills"
            },
            {
              "test": "has_biome_tag",
              "operator": "==",
              "value": "cold_taiga_mutated"
            },
            {
              "test": "has_biome_tag",
              "operator": "==",
              "value": "mega_taiga"
            },
            {
              "test": "has_biome_tag",
              "operator": "==",
              "value": "mega_taiga_hills"
            },
            {
              "test": "has_biome_tag",
              "operator": "==",
              "value": "redwood_taiga_mutated"
            },
            {
              "test": "has_biome_tag",
              "operator": "==",
              "value": "redwood_taiga_hills_mutated"
            },
            {
              "test": "has_biome_tag",
              "operator": "==",
              "value": "mushroom_island"
            },
            {
              "test": "has_biome_tag",
              "operator": "==",
              "value": "mushroom_island_shore"
            },
            {
              "test": "has_biome_tag",
              "operator": "==",
              "value": "swampland"
            },
            {
              "test": "has_biome_tag",
              "operator": "==",
              "value": "swampland_mutated"
            },
            {
              "test": "has_biome_tag",
              "operator": "==",
              "value": "savanna"
            },
            {
              "test": "has_biome_tag",
              "operator": "==",
              "value": "savanna_plateau"
            },
            {
              "test": "has_biome_tag",
              "operator": "==",
              "value": "savanna_mutated"
            },
            {
              "test": "has_biome_tag",
              "operator": "==",
              "value": "savanna_plateau_mutated"
            },
            {
              "test": "has_biome_tag",
              "operator": "==",
              "value": "plains"
            },
            {
              "test": "has_biome_tag",
              "operator": "==",
              "value": "sunflower_plains"
            },
            {
              "test": "has_biome_tag",
              "operator": "==",
              "value": "desert"
            },
            {
              "test": "has_biome_tag",
              "operator": "==",
              "value": "desert_hills"
            },
            {
              "test": "has_biome_tag",
              "operator": "==",
              "value": "desert_mutated"
            },
            {
              "test": "has_biome_tag",
              "operator": "==",
              "value": "ice_plains"
            },
            {
              "test": "has_biome_tag",
              "operator": "==",
              "value": "ice_mountains"
            },
            {
              "test": "has_biome_tag",
              "operator": "==",
              "value": "ice_plains_spikes"
            },
            {
              "test": "has_biome_tag",
              "operator": "==",
              "value": "extreme_hills"
            },
            {
              "test": "has_biome_tag",
              "operator": "==",
              "value": "extreme_hills_plus_trees"
            },
            {
              "test": "has_biome_tag",
              "operator": "==",
              "value": "extreme_hills_mutated"
            },
            {
              "test": "has_biome_tag",
              "operator": "==",
              "value": "extreme_hills_plus_trees_mutated"
            },
            {
              "test": "has_biome_tag",
              "operator": "==",
              "value": "extreme_hills_edge"
            },
            {
              "test": "has_biome_tag",
              "operator": "==",
              "value": "mesa"
            },
            {
              "test": "has_biome_tag",
              "operator": "==",
              "value": "mesa_plateau"
            },
            {
              "test": "has_biome_tag",
              "operator": "==",
              "value": "mesa_plateau_mutated"
            },
            {
              "test": "has_biome_tag",
              "operator": "==",
              "value": "mesa_plateau_stone"
            },
            {
              "test": "has_biome_tag",
              "operator": "==",
              "value": "mesa_plateau_stone_mutated"
            },
            {
              "test": "has_biome_tag",
              "operator": "==",
              "value": "mesa_bryce"
            }
          ]
        }
      ]
    },
    "distribution": {
      "iterations": 3,
      "coordinate_eval_order": "zyx",
      "x": {
        "distribution": "uniform",
        "extent": [
          0,
          16
        ]
      },
      "y": {
        "distribution": "uniform",
        "extent": [
          10,
          35
        ]
      },
      "z": {
        "distribution": "uniform",
        "extent": [
          0,
          16
        ]
      }
    }
  }
}