{
  "format_version": "1.16.100",
  "minecraft:block": {
    "description": {
      "identifier": "raigen:oresight_deepslate_coal",
      "register_to_creative_menu": false
    },
    "components": {
      "minecraft:material_instances": {
        "*": {
          "texture": "deepslate_coal_ore",
          "render_method": "opaque"
        }
      },
      "minecraft:pick_collision": {
        "origin":  [-8, 0, -8],
        "size":  [16, 16, 16]
      },
      "minecraft:entity_collision": {
        "origin":  [-8, 0, -8],
        "size":  [16, 16, 16]
      },
      "minecraft:block_light_emission": 1.0,
      "minecraft:destroy_time": 100000.0,
      "minecraft:immovable": false,
      "minecraft:explosion_resistance": 999999,
      "minecraft:map_color": "#000000",
      "minecraft:ticking": {
        "looping": false,
        "range": [8, 10],
        "on_tick": {
          "event": "raigen:event_revert",
          "target": "self"
        }
      }
    },
    "events": {
      "raigen:event_revert": {
        "run_command": {
          "command": [ "setblock ~~~ deepslate_coal_ore" ],
          "target": "self"
        }
      }
    }
  }
}