{
  "format_version": "1.10",
  "minecraft:item": {
    "description": {
      "identifier": "es:Somp_Apple",
      "category": "items"
    },
    "components": {
      "minecraft:hand_equipped": false,
      "minecraft:max_stack_size": 64,
      "minecraft:foil": false,
      "minecraft:stack_by_data": true,
      "minecraft:food": {
        "saturation_modifier": "normal",
        "nutrition": 6,
        "can_always_eat": false,
        "effects": [
          {
            "name": "absorption",
            "chance": 1,
            "duration": 30,
            "amplifier": 3
          },
          {
            "name": "fire_resistance",
            "chance": 1,
            "duration": 45,
            "amplifier": 1
          },
          {
            "name": "health_boost",
            "chance": 1,
            "duration": 30,
            "amplifier": 4
          },
          {
            "name": "regeneration",
            "chance": 1,
            "duration": 30,
            "amplifier": 2
          },
          {
            "name": "resistance",
            "chance": 1,
            "duration": 30,
            "amplifier": 2
          },
          {
            "name": "saturation",
            "chance": 1,
            "duration": 30,
            "amplifier": 2
          }
        ]
      },
      "minecraft:use_duration": 60
    }
  }
}