{
  "format_version": "1.15.0",
  "minecraft:biome": {
    "description": {
      "identifier": "blonkbiome"
    },
    "components": {
      "minecraft:climate": {
        "downfall": 0.0,
        "snow_accumulation": [
          0.0,
          0.0
        ],
        "temperature": 5.0,
        "blue_spores": 0,
        "red_spores": 0,
        "white_ash": 0,
        "ash": 0
      },
      "minecraft:overworld_height": {
        "noise_type": "default"
      },
      "animal": {},
      "monster": {},
      "overworld": {},
      "blonkbiome": {},
      "minecraft:surface_parameters": {
        "top_material": "minecraft:grass",
        "mid_material": "minecraft:dirt",
        "foundation_material": "minecraft:stone",
        "sea_floor_material": "minecraft:gravel",
        "sea_material": "minecraft:water",
        "sea_floor_depth": 7
      },
      "minecraft:overworld_generation_rules": {
        "hills_transformation": "sunflower_plains",
        "river_transformation": "frozen_river",
        "generate_for_climates": [
          [
            "cold",
            10
          ],
          [
            "medium",
            30
          ]
        ]
      }
    }
  }
}